date,ITUSA3CMD,,
1920-01-30,4.5,,
1920-02-06,4.5,,
1920-02-13,4.5,,
1920-02-20,4.5,,
1920-02-27,4.5,,
1920-03-05,4.5,,
1920-03-12,4.5,,
1920-03-19,4.5,,
1920-03-26,4.5,,
1920-04-02,4.75,,
1920-04-09,4.75,,
1920-04-16,4.75,,
1920-04-23,4.75,,
1920-04-30,5.25,,
1920-05-07,5.25,,
1920-05-14,5.25,,
1920-05-21,5.25,,
1920-05-28,5.25,,
1920-06-04,5.5,,
1920-06-11,5.5,,
1920-06-18,5.5,,
1920-06-25,5.5,,
1920-07-02,5.75,,
1920-07-09,5.75,,
1920-07-16,5.75,,
1920-07-23,5.75,,
1920-07-30,5.81,,
1920-08-06,5.81,,
1920-08-13,5.81,,
1920-08-20,5.81,,
1920-08-27,5.81,,
1920-09-03,5.83,,
1920-09-10,5.83,,
1920-09-17,5.83,,
1920-09-24,5.83,,
1920-10-01,5.81,,
1920-10-08,5.81,,
1920-10-15,5.81,,
1920-10-22,5.81,,
1920-10-29,5.75,,
1920-11-05,5.75,,
1920-11-12,5.75,,
1920-11-19,5.75,,
1920-11-26,5.75,,
1920-12-03,5.75,,
1920-12-10,5.75,,
1920-12-17,5.75,,
1920-12-24,5.75,,
1920-12-31,5.875,,
1921-01-07,5.875,,
1921-01-14,5.875,,
1921-01-21,5.875,,
1921-01-28,5.875,,
1921-02-04,5.67,,
1921-02-11,5.67,,
1921-02-18,5.67,,
1921-02-25,5.67,,
1921-03-04,5.3,,
1921-03-11,5.3,,
1921-03-18,5.3,,
1921-03-25,5.3,,
1921-04-01,5.375,,
1921-04-08,5.375,,
1921-04-15,5.375,,
1921-04-22,5.375,,
1921-04-29,5.2,,
1921-05-06,5.2,,
1921-05-13,5.2,,
1921-05-20,5.2,,
1921-05-27,5.2,,
1921-06-03,5.16,,
1921-06-10,5.16,,
1921-06-17,5.16,,
1921-06-24,5.16,,
1921-07-01,4.99,,
1921-07-08,4.99,,
1921-07-15,4.99,,
1921-07-22,4.99,,
1921-07-29,4.6,,
1921-08-05,4.6,,
1921-08-12,4.6,,
1921-08-19,4.6,,
1921-08-26,4.6,,
1921-09-02,4.75,,
1921-09-09,4.75,,
1921-09-16,4.75,,
1921-09-23,4.75,,
1921-09-30,4.75,,
1921-10-07,4.75,,
1921-10-14,4.75,,
1921-10-21,4.75,,
1921-10-28,4.75,,
1921-11-04,4.21,,
1921-11-11,4.21,,
1921-11-18,4.21,,
1921-11-25,4.21,,
1921-12-02,4.03,,
1921-12-09,4.03,,
1921-12-16,4.03,,
1921-12-23,4.03,,
1921-12-30,3.9,,
1922-01-06,3.9,,
1922-01-13,3.9,,
1922-01-20,3.9,,
1922-01-27,3.9,,
1922-02-03,3.9,,
1922-02-10,3.9,,
1922-02-17,3.9,,
1922-02-24,3.9,,
1922-03-03,3.81,,
1922-03-10,3.81,,
1922-03-17,3.81,,
1922-03-24,3.81,,
1922-03-31,3.55,,
1922-04-07,3.55,,
1922-04-14,3.55,,
1922-04-21,3.55,,
1922-04-28,3.21,,
1922-05-05,3.21,,
1922-05-12,3.21,,
1922-05-19,3.21,,
1922-05-26,3.21,,
1922-06-02,3.25,,
1922-06-09,3.25,,
1922-06-16,3.25,,
1922-06-23,3.25,,
1922-06-30,3.25,,
1922-07-07,3.25,,
1922-07-14,3.25,,
1922-07-21,3.25,,
1922-07-28,3.25,,
1922-08-04,3.2,,
1922-08-11,3.2,,
1922-08-18,3.2,,
1922-08-25,3.2,,
1922-09-01,3.13,,
1922-09-08,3.13,,
1922-09-15,3.13,,
1922-09-22,3.13,,
1922-09-29,3.34,,
1922-10-06,3.34,,
1922-10-13,3.34,,
1922-10-20,3.34,,
1922-10-27,3.34,,
1922-11-03,3.71,,
1922-11-10,3.71,,
1922-11-17,3.71,,
1922-11-24,3.71,,
1922-12-01,3.66,,
1922-12-08,3.66,,
1922-12-15,3.66,,
1922-12-22,3.66,,
1922-12-29,3.65,,
1923-01-05,3.65,,
1923-01-12,3.65,,
1923-01-19,3.65,,
1923-01-26,3.65,,
1923-02-02,3.66,,
1923-02-09,3.66,,
1923-02-16,3.66,,
1923-02-23,3.66,,
1923-03-02,3.65,,
1923-03-09,3.65,,
1923-03-16,3.65,,
1923-03-23,3.65,,
1923-03-30,4.12,,
1923-04-06,4.12,,
1923-04-13,4.12,,
1923-04-20,4.12,,
1923-04-27,4.12,,
1923-05-04,4.13,,
1923-05-11,4.13,,
1923-05-18,4.13,,
1923-05-25,4.13,,
1923-06-01,3.95,,
1923-06-08,3.95,,
1923-06-15,3.95,,
1923-06-22,3.95,,
1923-06-29,3.84,,
1923-07-06,3.84,,
1923-07-13,3.84,,
1923-07-20,3.84,,
1923-07-27,3.84,,
1923-08-03,3.91,,
1923-08-10,3.91,,
1923-08-17,3.91,,
1923-08-24,3.91,,
1923-08-31,3.86,,
1923-09-07,3.86,,
1923-09-14,3.86,,
1923-09-21,3.86,,
1923-09-28,4.01,,
1923-10-05,4.01,,
1923-10-12,4.01,,
1923-10-19,4.01,,
1923-10-26,4.01,,
1923-11-02,4.22,,
1923-11-09,4.22,,
1923-11-16,4.22,,
1923-11-23,4.22,,
1923-11-30,3.94,,
1923-12-07,3.94,,
1923-12-14,3.94,,
1923-12-21,3.94,,
1923-12-28,3.94,,
1924-01-04,3.88,,
1924-01-11,3.88,,
1924-01-18,3.88,,
1924-01-25,3.88,,
1924-02-01,3.76,,
1924-02-08,3.76,,
1924-02-15,3.76,,
1924-02-22,3.76,,
1924-02-29,3.54,,
1924-03-07,3.54,,
1924-03-14,3.54,,
1924-03-21,3.54,,
1924-03-28,3.54,,
1924-04-04,3.57,,
1924-04-11,3.57,,
1924-04-18,3.57,,
1924-04-25,3.57,,
1924-05-02,3.38,,
1924-05-09,3.38,,
1924-05-16,3.38,,
1924-05-23,3.38,,
1924-05-30,2.99,,
1924-06-06,2.99,,
1924-06-13,2.99,,
1924-06-20,2.99,,
1924-06-27,2.99,,
1924-07-04,2.44,,
1924-07-11,2.44,,
1924-07-18,2.44,,
1924-07-25,2.44,,
1924-08-01,1.92,,
1924-08-08,1.92,,
1924-08-15,1.92,,
1924-08-22,1.92,,
1924-08-29,1.9,,
1924-09-05,1.9,,
1924-09-12,1.9,,
1924-09-19,1.9,,
1924-09-26,1.9,,
1924-10-03,2.14,,
1924-10-10,2.14,,
1924-10-17,2.14,,
1924-10-24,2.14,,
1924-10-31,2.41,,
1924-11-07,2.41,,
1924-11-14,2.41,,
1924-11-21,2.41,,
1924-11-28,2.58,,
1924-12-05,2.58,,
1924-12-12,2.58,,
1924-12-19,2.58,,
1924-12-26,2.58,,
1925-01-02,2.57,,
1925-01-09,2.57,,
1925-01-16,2.57,,
1925-01-23,2.57,,
1925-01-30,2.61,,
1925-02-06,2.61,,
1925-02-13,2.61,,
1925-02-20,2.61,,
1925-02-27,2.62,,
1925-03-06,2.62,,
1925-03-13,2.62,,
1925-03-20,2.62,,
1925-03-27,2.62,,
1925-04-03,2.78,,
1925-04-10,2.78,,
1925-04-17,2.78,,
1925-04-24,2.78,,
1925-05-01,2.78,,
1925-05-08,2.78,,
1925-05-15,2.78,,
1925-05-22,2.78,,
1925-05-29,2.73,,
1925-06-05,2.73,,
1925-06-12,2.73,,
1925-06-19,2.73,,
1925-06-26,2.73,,
1925-07-03,2.86,,
1925-07-10,2.86,,
1925-07-17,2.86,,
1925-07-24,2.86,,
1925-07-31,3.06,,
1925-08-07,3.06,,
1925-08-14,3.06,,
1925-08-21,3.06,,
1925-08-28,3.06,,
1925-09-04,3.01,,
1925-09-11,3.01,,
1925-09-18,3.01,,
1925-09-25,3.01,,
1925-10-02,3.16,,
1925-10-09,3.16,,
1925-10-16,3.16,,
1925-10-23,3.16,,
1925-10-30,3.53,,
1925-11-06,3.53,,
1925-11-13,3.53,,
1925-11-20,3.53,,
1925-11-27,3.53,,
1925-12-04,3.65,,
1925-12-11,3.65,,
1925-12-18,3.65,,
1925-12-25,3.65,,
1926-01-01,3.51,,
1926-01-08,3.51,,
1926-01-15,3.51,,
1926-01-22,3.51,,
1926-01-29,3.49,,
1926-02-05,3.49,,
1926-02-12,3.49,,
1926-02-19,3.49,,
1926-02-26,3.18,,
1926-03-05,3.18,,
1926-03-12,3.18,,
1926-03-19,3.18,,
1926-03-26,3.18,,
1926-04-02,3.25,,
1926-04-09,3.25,,
1926-04-16,3.25,,
1926-04-23,3.25,,
1926-04-30,3.08,,
1926-05-07,3.08,,
1926-05-14,3.08,,
1926-05-21,3.08,,
1926-05-28,3.08,,
1926-06-04,3.17,,
1926-06-11,3.17,,
1926-06-18,3.17,,
1926-06-25,3.17,,
1926-07-02,2.9,,
1926-07-09,2.9,,
1926-07-16,2.9,,
1926-07-23,2.9,,
1926-07-30,3.11,,
1926-08-06,3.11,,
1926-08-13,3.11,,
1926-08-20,3.11,,
1926-08-27,3.11,,
1926-09-03,3.27,,
1926-09-10,3.27,,
1926-09-17,3.27,,
1926-09-24,3.27,,
1926-10-01,3.47,,
1926-10-08,3.47,,
1926-10-15,3.47,,
1926-10-22,3.47,,
1926-10-29,3.58,,
1926-11-05,3.58,,
1926-11-12,3.58,,
1926-11-19,3.58,,
1926-11-26,3.58,,
1926-12-03,3.35,,
1926-12-10,3.35,,
1926-12-17,3.35,,
1926-12-24,3.35,,
1926-12-31,3.11,,
1927-01-07,3.11,,
1927-01-14,3.11,,
1927-01-21,3.11,,
1927-01-28,3.11,,
1927-02-04,3.23,,
1927-02-11,3.23,,
1927-02-18,3.23,,
1927-02-25,3.23,,
1927-03-04,3.29,,
1927-03-11,3.29,,
1927-03-18,3.29,,
1927-03-25,3.29,,
1927-04-01,3.21,,
1927-04-08,3.21,,
1927-04-15,3.21,,
1927-04-22,3.21,,
1927-04-29,3.39,,
1927-05-06,3.39,,
1927-05-13,3.39,,
1927-05-20,3.39,,
1927-05-27,3.39,,
1927-06-03,3.33,,
1927-06-10,3.33,,
1927-06-17,3.33,,
1927-06-24,3.33,,
1927-07-01,3.09,,
1927-07-08,3.09,,
1927-07-15,3.09,,
1927-07-22,3.09,,
1927-07-29,2.96,,
1927-08-05,2.96,,
1927-08-12,2.96,,
1927-08-19,2.96,,
1927-08-26,2.96,,
1927-09-02,2.7,,
1927-09-09,2.7,,
1927-09-16,2.7,,
1927-09-23,2.7,,
1927-09-30,2.81,,
1927-10-07,2.81,,
1927-10-14,2.81,,
1927-10-21,2.81,,
1927-10-28,2.81,,
1927-11-04,3.08,,
1927-11-11,3.08,,
1927-11-18,3.08,,
1927-11-25,3.08,,
1927-12-02,3.04,,
1927-12-09,3.04,,
1927-12-16,3.04,,
1927-12-23,3.04,,
1927-12-30,3.17,,
1928-01-06,3.17,,
1928-01-13,3.17,,
1928-01-20,3.17,,
1928-01-27,3.17,,
1928-02-03,3.31,,
1928-02-10,3.31,,
1928-02-17,3.31,,
1928-02-24,3.31,,
1928-03-02,3.33,,
1928-03-09,3.33,,
1928-03-16,3.33,,
1928-03-23,3.33,,
1928-03-30,3.27,,
1928-04-06,3.27,,
1928-04-13,3.27,,
1928-04-20,3.27,,
1928-04-27,3.27,,
1928-05-04,3.62,,
1928-05-11,3.62,,
1928-05-18,3.62,,
1928-05-25,3.62,,
1928-06-01,3.9,,
1928-06-08,3.9,,
1928-06-15,3.9,,
1928-06-22,3.9,,
1928-06-29,3.92,,
1928-07-06,3.92,,
1928-07-13,3.92,,
1928-07-20,3.92,,
1928-07-27,3.92,,
1928-08-03,4.12,,
1928-08-10,4.12,,
1928-08-17,4.12,,
1928-08-24,4.12,,
1928-08-31,4.36,,
1928-09-07,4.36,,
1928-09-14,4.36,,
1928-09-21,4.36,,
1928-09-28,4.57,,
1928-10-05,4.57,,
1928-10-12,4.57,,
1928-10-19,4.57,,
1928-10-26,4.57,,
1928-11-02,4.7,,
1928-11-09,4.7,,
1928-11-16,4.7,,
1928-11-23,4.7,,
1928-11-30,4.25,,
1928-12-07,4.25,,
1928-12-14,4.25,,
1928-12-21,4.25,,
1928-12-28,4.25,,
1929-01-04,4.35,,
1929-01-11,4.35,,
1929-01-18,4.35,,
1929-01-25,4.35,,
1929-02-01,4.66,,
1929-02-08,4.66,,
1929-02-15,4.66,,
1929-02-22,4.66,,
1929-03-01,3.94,,
1929-03-08,3.94,,
1929-03-15,3.94,,
1929-03-22,3.94,,
1929-03-29,4.6,,
1929-04-05,4.6,,
1929-04-12,4.6,,
1929-04-19,4.6,,
1929-04-26,4.6,,
1929-05-03,4.8,,
1929-05-10,4.8,,
1929-05-17,4.8,,
1929-05-24,4.8,,
1929-05-31,5.09,,
1929-06-07,5.09,,
1929-06-14,5.09,,
1929-06-21,5.09,,
1929-06-28,4.8,,
1929-07-05,4.8,,
1929-07-12,4.8,,
1929-07-19,4.8,,
1929-07-26,4.8,,
1929-08-02,4.55,,
1929-08-09,4.55,,
1929-08-16,4.55,,
1929-08-23,4.55,,
1929-08-30,4.7,,
1929-09-06,4.7,,
1929-09-13,4.7,,
1929-09-20,4.7,,
1929-09-27,4.7,,
1929-10-04,4.58,,
1929-10-11,4.58,,
1929-10-18,4.58,,
1929-10-25,4.58,,
1929-11-01,4.37,,
1929-11-08,4.37,,
1929-11-15,4.37,,
1929-11-22,4.37,,
1929-11-29,3.47,,
1929-12-06,3.47,,
1929-12-13,3.47,,
1929-12-20,3.47,,
1929-12-27,3.47,,
1930-01-03,3.03,,
1930-01-10,3.03,,
1930-01-17,3.03,,
1930-01-24,3.03,,
1930-01-31,3.39,,
1930-02-07,3.39,,
1930-02-14,3.39,,
1930-02-21,3.39,,
1930-02-28,3.36,,
1930-03-07,3.36,,
1930-03-14,3.36,,
1930-03-21,3.36,,
1930-03-28,3.36,,
1930-04-04,2.95,,
1930-04-11,2.95,,
1930-04-18,2.95,,
1930-04-25,2.95,,
1930-05-02,3,,
1930-05-09,3,,
1930-05-16,3,,
1930-05-23,3,,
1930-05-30,2.41,,
1930-06-06,2.41,,
1930-06-13,2.41,,
1930-06-20,2.41,,
1930-06-27,2.41,,
1930-07-04,1.89,,
1930-07-11,1.89,,
1930-07-18,1.89,,
1930-07-25,1.89,,
1930-08-01,1.83,,
1930-08-08,1.83,,
1930-08-15,1.83,,
1930-08-22,1.83,,
1930-08-29,1.53,,
1930-09-05,1.53,,
1930-09-12,1.53,,
1930-09-19,1.53,,
1930-09-26,1.53,,
1930-10-03,1.84,,
1930-10-10,1.84,,
1930-10-17,1.84,,
1930-10-24,1.84,,
1930-10-31,1.84,,
1930-11-07,1.84,,
1930-11-14,1.84,,
1930-11-21,1.84,,
1930-11-28,1.4,,
1930-12-05,1.4,,
1930-12-12,1.4,,
1930-12-19,1.4,,
1930-12-26,1.4,,
1931-01-02,1.48,,
1931-01-09,1.48,,
1931-01-16,1.48,,
1931-01-23,1.48,,
1931-01-30,1.24,,
1931-02-06,1.24,,
1931-02-13,1.24,,
1931-02-20,1.24,,
1931-02-27,1.06,,
1931-03-06,1.06,,
1931-03-13,1.06,,
1931-03-20,1.06,,
1931-03-27,1.06,,
1931-04-03,1.38,,
1931-04-10,1.38,,
1931-04-17,1.38,,
1931-04-24,1.38,,
1931-05-01,1.49,,
1931-05-08,1.49,,
1931-05-15,1.49,,
1931-05-22,1.49,,
1931-05-29,0.88,,
1931-06-05,0.88,,
1931-06-12,0.88,,
1931-06-19,0.88,,
1931-06-26,0.88,,
1931-07-03,0.55,,
1931-07-10,0.55,,
1931-07-17,0.55,,
1931-07-24,0.55,,
1931-07-31,0.41,,
1931-08-07,0.41,,
1931-08-14,0.41,,
1931-08-21,0.41,,
1931-08-28,0.41,,
1931-09-04,0.42,,
1931-09-11,0.42,,
1931-09-18,0.42,,
1931-09-25,0.42,,
1931-10-02,0.45,,
1931-10-09,0.45,,
1931-10-16,0.45,,
1931-10-23,0.45,,
1931-10-30,1.7,,
1931-11-06,1.7,,
1931-11-13,1.7,,
1931-11-20,1.7,,
1931-11-27,1.7,,
1931-12-04,1.77,,
1931-12-11,1.77,,
1931-12-18,1.77,,
1931-12-25,1.77,,
1932-01-01,2.41,,
1932-01-08,2.41,,
1932-01-15,2.41,,
1932-01-22,2.41,,
1932-01-29,2.681,,
1932-02-05,2.681,,
1932-02-12,2.681,,
1932-02-19,2.681,,
1932-02-26,2.681,,
1932-03-04,2.655,,
1932-03-11,2.655,,
1932-03-18,2.655,,
1932-03-25,2.655,,
1932-04-01,2.079,,
1932-04-08,2.079,,
1932-04-15,2.079,,
1932-04-22,2.079,,
1932-04-29,0.767,,
1932-05-06,0.767,,
1932-05-13,0.767,,
1932-05-20,0.767,,
1932-05-27,0.767,,
1932-06-03,0.428,,
1932-06-10,0.428,,
1932-06-17,0.428,,
1932-06-24,0.428,,
1932-07-01,0.408,,
1932-07-08,0.408,,
1932-07-15,0.408,,
1932-07-22,0.408,,
1932-07-29,0.417,,
1932-08-05,0.417,,
1932-08-12,0.417,,
1932-08-19,0.417,,
1932-08-26,0.417,,
1932-09-02,0.44,,
1932-09-09,0.44,,
1932-09-16,0.44,,
1932-09-23,0.44,,
1932-09-30,0.233,,
1932-10-07,0.233,,
1932-10-14,0.233,,
1932-10-21,0.233,,
1932-10-28,0.233,,
1932-11-04,0.176,,
1932-11-11,0.176,,
1932-11-18,0.176,,
1932-11-25,0.176,,
1932-12-02,0.181,,
1932-12-09,0.181,,
1932-12-16,0.181,,
1932-12-23,0.181,,
1932-12-30,0.085,,
1933-01-06,0.085,,
1933-01-13,0.085,,
1933-01-20,0.085,,
1933-01-27,0.085,,
1933-02-03,0.207,,
1933-02-10,0.207,,
1933-02-17,0.207,,
1933-02-24,0.207,,
1933-03-03,0.485,,
1933-03-10,0.485,,
1933-03-17,0.485,,
1933-03-24,0.485,,
1933-03-31,2.289,,
1933-04-07,2.289,,
1933-04-14,2.289,,
1933-04-21,2.289,,
1933-04-28,0.565,,
1933-05-05,0.565,,
1933-05-12,0.565,,
1933-05-19,0.565,,
1933-05-26,0.565,,
1933-06-02,0.418,,
1933-06-09,0.418,,
1933-06-16,0.418,,
1933-06-23,0.418,,
1933-06-30,0.267,,
1933-07-07,0.267,,
1933-07-14,0.267,,
1933-07-21,0.267,,
1933-07-28,0.267,,
1933-08-04,0.367,,
1933-08-11,0.367,,
1933-08-18,0.367,,
1933-08-25,0.367,,
1933-09-01,0.211,,
1933-09-08,0.211,,
1933-09-15,0.211,,
1933-09-22,0.211,,
1933-09-29,0.102,,
1933-10-06,0.102,,
1933-10-13,0.102,,
1933-10-20,0.102,,
1933-10-27,0.102,,
1933-11-03,0.157,,
1933-11-10,0.157,,
1933-11-17,0.157,,
1933-11-24,0.157,,
1933-12-01,0.419,,
1933-12-08,0.419,,
1933-12-15,0.419,,
1933-12-22,0.419,,
1933-12-29,0.695,,
1934-01-05,0.7,,
1934-01-12,0.8,,
1934-01-19,0.65,,
1934-01-26,0.74,,
1934-02-02,0.7,,
1934-02-09,0.7,,
1934-02-16,0.67,,
1934-02-23,0.54,,
1934-03-02,0.42,,
1934-03-09,0.32,,
1934-03-16,0.23,,
1934-03-23,0.14,,
1934-03-30,0.15,,
1934-04-06,0.15,,
1934-04-13,0.15,,
1934-04-20,0.15,,
1934-04-27,0.15,,
1934-05-04,0.15,,
1934-05-11,0.16,,
1934-05-18,0.16,,
1934-05-25,0.15,,
1934-06-01,0.15,,
1934-06-08,0.15,,
1934-06-15,0.15,,
1934-06-22,0.15,,
1934-06-29,0.15,,
1934-07-06,0.15,,
1934-07-13,0.15,,
1934-07-20,0.15,,
1934-07-27,0.15,,
1934-08-03,0.15,,
1934-08-10,0.16,,
1934-08-17,0.24,,
1934-08-24,0.2,,
1934-08-31,0.2,,
1934-09-07,0.2,,
1934-09-14,0.2,,
1934-09-21,0.2,,
1934-09-28,0.25,,
1934-10-05,0.3,,
1934-10-12,0.28,,
1934-10-19,0.25,,
1934-10-26,0.25,,
1934-11-02,0.25,,
1934-11-09,0.25,,
1934-11-16,0.25,,
1934-11-23,0.25,,
1934-11-30,0.25,,
1934-12-07,0.25,,
1934-12-14,0.25,,
1934-12-21,0.2,,
1934-12-28,0.2,,
1935-01-04,0.2,,
1935-01-11,0.2,,
1935-01-18,0.2,,
1935-01-25,0.2,,
1935-02-01,0.2,,
1935-02-08,0.2,,
1935-02-15,0.2,,
1935-02-22,0.2,,
1935-03-01,0.15,,
1935-03-08,0.15,,
1935-03-15,0.15,,
1935-03-22,0.15,,
1935-03-29,0.15,,
1935-04-05,0.15,,
1935-04-12,0.15,,
1935-04-19,0.15,,
1935-04-26,0.15,,
1935-05-03,0.15,,
1935-05-10,0.15,,
1935-05-17,0.15,,
1935-05-24,0.15,,
1935-05-31,0.15,,
1935-06-07,0.15,,
1935-06-14,0.15,,
1935-06-21,0.15,,
1935-06-28,0.15,,
1935-07-05,0.15,,
1935-07-12,0.15,,
1935-07-19,0.15,,
1935-07-26,0.15,,
1935-08-02,0.15,,
1935-08-09,0.15,,
1935-08-16,0.15,,
1935-08-23,0.15,,
1935-08-30,0.2,,
1935-09-06,0.2,,
1935-09-13,0.2,,
1935-09-20,0.2,,
1935-09-27,0.2,,
1935-10-04,0.2,,
1935-10-11,0.2,,
1935-10-18,0.2,,
1935-10-25,0.2,,
1935-11-01,0.2,,
1935-11-08,0.2,,
1935-11-15,0.15,,
1935-11-22,0.15,,
1935-11-29,0.15,,
1935-12-06,0.15,,
1935-12-13,0.15,,
1935-12-20,0.15,,
1935-12-27,0.15,,
1936-01-03,0.2,,
1936-01-10,0.2,,
1936-01-17,0.2,,
1936-01-24,0.2,,
1936-01-31,0.2,,
1936-02-07,0.2,,
1936-02-14,0.2,,
1936-02-21,0.2,,
1936-02-28,0.2,,
1936-03-06,0.2,,
1936-03-13,0.2,,
1936-03-20,0.2,,
1936-03-27,0.2,,
1936-04-03,0.2,,
1936-04-10,0.2,,
1936-04-17,0.2,,
1936-04-24,0.2,,
1936-05-01,0.2,,
1936-05-08,0.2,,
1936-05-15,0.2,,
1936-05-22,0.2,,
1936-05-29,0.2,,
1936-06-05,0.2,,
1936-06-12,0.2,,
1936-06-19,0.2,,
1936-06-26,0.2,,
1936-07-03,0.16,,
1936-07-10,0.15,,
1936-07-17,0.15,,
1936-07-24,0.15,,
1936-07-31,0.15,,
1936-08-07,0.15,,
1936-08-14,0.2,,
1936-08-21,0.2,,
1936-08-28,0.2,,
1936-09-04,0.16,,
1936-09-11,0.16,,
1936-09-18,0.16,,
1936-09-25,0.16,,
1936-10-02,0.18,,
1936-10-09,0.16,,
1936-10-16,0.12,,
1936-10-23,0.12,,
1936-10-30,0.1,,
1936-11-06,0.11,,
1936-11-13,0.11,,
1936-11-20,0.11,,
1936-11-27,0.11,,
1936-12-04,0.1,,
1936-12-11,0.1,,
1936-12-18,0.1,,
1936-12-25,0.15,,
1937-01-01,0.18,,
1937-01-08,0.18,,
1937-01-15,0.18,,
1937-01-22,0.15,,
1937-01-29,0.15,,
1937-02-05,0.16,,
1937-02-12,0.15,,
1937-02-19,0.15,,
1937-02-26,0.15,,
1937-03-05,0.25,,
1937-03-12,0.25,,
1937-03-19,0.37,,
1937-03-26,0.55,,
1937-04-02,0.58,,
1937-04-09,0.65,,
1937-04-16,0.6,,
1937-04-23,0.48,,
1937-04-30,0.45,,
1937-05-07,0.47,,
1937-05-14,0.42,,
1937-05-21,0.38,,
1937-05-28,0.35,,
1937-06-04,0.35,,
1937-06-11,0.36,,
1937-06-18,0.39,,
1937-06-25,0.35,,
1937-07-02,0.34,,
1937-07-09,0.3,,
1937-07-16,0.3,,
1937-07-23,0.27,,
1937-07-30,0.24,,
1937-08-06,0.26,,
1937-08-13,0.25,,
1937-08-20,0.26,,
1937-08-27,0.34,,
1937-09-03,0.45,,
1937-09-10,0.45,,
1937-09-17,0.29,,
1937-09-24,0.22,,
1937-10-01,0.19,,
1937-10-08,0.2,,
1937-10-15,0.2,,
1937-10-22,0.22,,
1937-10-29,0.17,,
1937-11-05,0.11,,
1937-11-12,0.08,,
1937-11-19,0.08,,
1937-11-26,0.09,,
1937-12-03,0.11,,
1937-12-10,0.12,,
1937-12-17,0.11,,
1937-12-24,0.09,,
1937-12-31,0.11,,
1938-01-07,0.1,,
1938-01-14,0.11,,
1938-01-21,0.1,,
1938-01-28,0.1,,
1938-02-04,0.07,,
1938-02-11,0.08,,
1938-02-18,0.08,,
1938-02-25,0.09,,
1938-03-04,0.07,,
1938-03-11,0.07,,
1938-03-18,0.07,,
1938-03-25,0.08,,
1938-04-01,0.11,,
1938-04-08,0.14,,
1938-04-15,0.13,,
1938-04-22,0.05,,
1938-04-29,0.04,,
1938-05-06,0.06,,
1938-05-13,0.06,,
1938-05-20,0.05,,
1938-05-27,0.04,,
1938-06-03,0.05,,
1938-06-10,0.05,,
1938-06-17,0.05,,
1938-06-24,0.04,,
1938-07-01,0.04,,
1938-07-08,0.06,,
1938-07-15,0.06,,
1938-07-22,0.07,,
1938-07-29,0.07,,
1938-08-05,0.07,,
1938-08-12,0.07,,
1938-08-19,0.06,,
1938-08-26,0.06,,
1938-09-02,0.06,,
1938-09-09,0.06,,
1938-09-16,0.09,,
1938-09-23,0.08,,
1938-09-30,0.1,,
1938-10-07,0.05,,
1938-10-14,0.05,,
1938-10-21,0.04,,
1938-10-28,0.04,,
1938-11-04,0.04,,
1938-11-11,0.04,,
1938-11-18,0.04,,
1938-11-25,0.04,,
1938-12-02,0.04,,
1938-12-09,0.03,,
1938-12-16,0.03,,
1938-12-23,0.02,,
1938-12-30,0.02,,
1939-01-06,0.03,,
1939-01-13,0.03,,
1939-01-20,0.03,,
1939-01-27,0.03,,
1939-02-03,0.03,,
1939-02-10,0.03,,
1939-02-17,0.03,,
1939-02-24,0.03,,
1939-03-03,0.03,,
1939-03-10,0.03,,
1939-03-17,0.03,,
1939-03-24,0.03,,
1939-03-31,0.03,,
1939-04-07,0.03,,
1939-04-14,0.03,,
1939-04-21,0.03,,
1939-04-28,0.03,,
1939-05-05,0.03,,
1939-05-12,0.03,,
1939-05-19,0.03,,
1939-05-26,0.03,,
1939-06-02,0.03,,
1939-06-09,0.03,,
1939-06-16,0.03,,
1939-06-23,0.03,,
1939-06-30,0.03,,
1939-07-07,0.03,,
1939-07-14,0.04,,
1939-07-21,0.04,,
1939-07-28,0.04,,
1939-08-04,0.04,,
1939-08-11,0.04,,
1939-08-18,0.04,,
1939-08-25,0.06,,
1939-09-01,0.09,,
1939-09-08,0.2,,
1939-09-15,0.17,,
1939-09-22,0.13,,
1939-09-29,0.08,,
1939-10-06,0.05,,
1939-10-13,0.05,,
1939-10-20,0.05,,
1939-10-27,0.05,,
1939-11-03,0.05,,
1939-11-10,0.05,,
1939-11-17,0.05,,
1939-11-24,0.05,,
1939-12-01,0.05,,
1939-12-08,0.05,,
1939-12-15,0.04,,
1939-12-22,0.04,,
1939-12-29,0.04,,
1940-01-05,0.0001,,
1940-01-12,0.0001,,
1940-01-19,0.02,,
1940-01-26,0.02,,
1940-02-02,0.02,,
1940-02-09,0.02,,
1940-02-16,0.02,,
1940-02-23,0.02,,
1940-03-01,0.02,,
1940-03-08,0.02,,
1940-03-15,0.02,,
1940-03-22,0.02,,
1940-03-29,0.02,,
1940-04-05,0.02,,
1940-04-12,0.02,,
1940-04-19,0.02,,
1940-04-26,0.02,,
1940-05-03,0.02,,
1940-05-10,0.03,,
1940-05-17,0.03,,
1940-05-24,0.08,,
1940-05-31,0.1,,
1940-06-07,0.11,,
1940-06-14,0.12,,
1940-06-21,0.09,,
1940-06-28,0.08,,
1940-07-05,0.08,,
1940-07-12,0.05,,
1940-07-19,0.04,,
1940-07-26,0.04,,
1940-08-02,0.04,,
1940-08-09,0.04,,
1940-08-16,0.04,,
1940-08-23,0.05,,
1940-08-30,0.05,,
1940-09-06,0.05,,
1940-09-13,0.05,,
1940-09-20,0.04,,
1940-09-27,0.04,,
1940-10-04,0.04,,
1940-10-11,0.02,,
1940-10-18,0.02,,
1940-10-25,0.02,,
1940-11-01,0.02,,
1940-11-08,0.02,,
1940-11-15,0.02,,
1940-11-22,0.02,,
1940-11-29,0.02,,
1940-12-06,0.02,,
1940-12-13,0.02,,
1940-12-20,0.02,,
1940-12-27,0.02,,
1941-01-03,0.02,,
1941-01-10,0.02,,
1941-01-17,0.02,,
1941-01-24,0.02,,
1941-01-31,0.02,,
1941-02-07,0.02,,
1941-02-14,0.02,,
1941-02-21,0.03,,
1941-02-28,0.09,,
1941-03-07,0.12,,
1941-03-14,0.14,,
1941-03-21,0.11,,
1941-03-28,0.08,,
1941-04-04,0.08,,
1941-04-11,0.1,,
1941-04-18,0.11,,
1941-04-25,0.12,,
1941-05-02,0.12,,
1941-05-09,0.12,,
1941-05-16,0.1,,
1941-05-23,0.1,,
1941-05-30,0.1,,
1941-06-06,0.13,,
1941-06-13,0.13,,
1941-06-20,0.12,,
1941-06-27,0.1,,
1941-07-04,0.1,,
1941-07-11,0.12,,
1941-07-18,0.12,,
1941-07-25,0.12,,
1941-08-01,0.12,,
1941-08-08,0.12,,
1941-08-15,0.13,,
1941-08-22,0.13,,
1941-08-29,0.13,,
1941-09-05,0.11,,
1941-09-12,0.1,,
1941-09-19,0.1,,
1941-09-26,0.08,,
1941-10-03,0.11,,
1941-10-10,0.07,,
1941-10-17,0.06,,
1941-10-24,0.06,,
1941-10-31,0.15,,
1941-11-07,0.25,,
1941-11-14,0.28,,
1941-11-21,0.3,,
1941-11-28,0.3,,
1941-12-05,0.3,,
1941-12-12,0.33,,
1941-12-19,0.35,,
1941-12-26,0.35,,
1942-01-02,0.35,,
1942-01-09,0.32,,
1942-01-16,0.24,,
1942-01-23,0.24,,
1942-01-30,0.25,,
1942-02-06,0.22,,
1942-02-13,0.23,,
1942-02-20,0.27,,
1942-02-27,0.25,,
1942-03-06,0.25,,
1942-03-13,0.25,,
1942-03-20,0.25,,
1942-03-27,0.25,,
1942-04-03,0.25,,
1942-04-10,0.29,,
1942-04-17,0.32,,
1942-04-24,0.34,,
1942-05-01,0.35,,
1942-05-08,0.38,,
1942-05-15,0.38,,
1942-05-22,0.38,,
1942-05-29,0.38,,
1942-06-05,0.38,,
1942-06-12,0.38,,
1942-06-19,0.38,,
1942-06-26,0.38,,
1942-07-03,0.38,,
1942-07-10,0.38,,
1942-07-17,0.38,,
1942-07-24,0.38,,
1942-07-31,0.38,,
1942-08-07,0.38,,
1942-08-14,0.38,,
1942-08-21,0.38,,
1942-08-28,0.38,,
1942-09-04,0.38,,
1942-09-11,0.38,,
1942-09-18,0.38,,
1942-09-25,0.38,,
1942-10-02,0.38,,
1942-10-09,0.38,,
1942-10-16,0.38,,
1942-10-23,0.38,,
1942-10-30,0.38,,
1942-11-06,0.38,,
1942-11-13,0.38,,
1942-11-20,0.38,,
1942-11-27,0.38,,
1942-12-04,0.38,,
1942-12-11,0.38,,
1942-12-18,0.38,,
1942-12-25,0.38,,
1943-01-01,0.38,,
1943-01-08,0.38,,
1943-01-15,0.38,,
1943-01-22,0.38,,
1943-01-29,0.38,,
1943-02-05,0.38,,
1943-02-12,0.38,,
1943-02-19,0.38,,
1943-02-26,0.38,,
1943-03-05,0.38,,
1943-03-12,0.38,,
1943-03-19,0.38,,
1943-03-26,0.38,,
1943-04-02,0.38,,
1943-04-09,0.38,,
1943-04-16,0.38,,
1943-04-23,0.38,,
1943-04-30,0.38,,
1943-05-07,0.38,,
1943-05-14,0.38,,
1943-05-21,0.38,,
1943-05-28,0.38,,
1943-06-04,0.38,,
1943-06-11,0.38,,
1943-06-18,0.38,,
1943-06-25,0.38,,
1943-07-02,0.38,,
1943-07-09,0.38,,
1943-07-16,0.38,,
1943-07-23,0.38,,
1943-07-30,0.38,,
1943-08-06,0.38,,
1943-08-13,0.38,,
1943-08-20,0.38,,
1943-08-27,0.38,,
1943-09-03,0.38,,
1943-09-10,0.38,,
1943-09-17,0.38,,
1943-09-24,0.38,,
1943-10-01,0.38,,
1943-10-08,0.38,,
1943-10-15,0.38,,
1943-10-22,0.38,,
1943-10-29,0.38,,
1943-11-05,0.38,,
1943-11-12,0.38,,
1943-11-19,0.38,,
1943-11-26,0.38,,
1943-12-03,0.38,,
1943-12-10,0.38,,
1943-12-17,0.38,,
1943-12-24,0.38,,
1943-12-31,0.38,,
1944-01-07,0.38,,
1944-01-14,0.38,,
1944-01-21,0.38,,
1944-01-28,0.38,,
1944-02-04,0.38,,
1944-02-11,0.38,,
1944-02-18,0.38,,
1944-02-25,0.38,,
1944-03-03,0.38,,
1944-03-10,0.38,,
1944-03-17,0.38,,
1944-03-24,0.38,,
1944-03-31,0.38,,
1944-04-07,0.38,,
1944-04-14,0.38,,
1944-04-21,0.38,,
1944-04-28,0.38,,
1944-05-05,0.38,,
1944-05-12,0.38,,
1944-05-19,0.38,,
1944-05-26,0.38,,
1944-06-02,0.38,,
1944-06-09,0.38,,
1944-06-16,0.38,,
1944-06-23,0.38,,
1944-06-30,0.38,,
1944-07-07,0.38,,
1944-07-14,0.38,,
1944-07-21,0.38,,
1944-07-28,0.38,,
1944-08-04,0.38,,
1944-08-11,0.38,,
1944-08-18,0.38,,
1944-08-25,0.38,,
1944-09-01,0.38,,
1944-09-08,0.38,,
1944-09-15,0.38,,
1944-09-22,0.38,,
1944-09-29,0.38,,
1944-10-06,0.38,,
1944-10-13,0.38,,
1944-10-20,0.38,,
1944-10-27,0.38,,
1944-11-03,0.38,,
1944-11-10,0.38,,
1944-11-17,0.38,,
1944-11-24,0.38,,
1944-12-01,0.38,,
1944-12-08,0.38,,
1944-12-15,0.38,,
1944-12-22,0.38,,
1944-12-29,0.38,,
1945-01-05,0.38,,
1945-01-12,0.38,,
1945-01-19,0.38,,
1945-01-26,0.38,,
1945-02-02,0.38,,
1945-02-09,0.38,,
1945-02-16,0.38,,
1945-02-23,0.38,,
1945-03-02,0.38,,
1945-03-09,0.38,,
1945-03-16,0.38,,
1945-03-23,0.38,,
1945-03-30,0.38,,
1945-04-06,0.38,,
1945-04-13,0.38,,
1945-04-20,0.38,,
1945-04-27,0.38,,
1945-05-04,0.38,,
1945-05-11,0.38,,
1945-05-18,0.38,,
1945-05-25,0.38,,
1945-06-01,0.38,,
1945-06-08,0.38,,
1945-06-15,0.38,,
1945-06-22,0.38,,
1945-06-29,0.38,,
1945-07-06,0.38,,
1945-07-13,0.38,,
1945-07-20,0.38,,
1945-07-27,0.38,,
1945-08-03,0.38,,
1945-08-10,0.38,,
1945-08-17,0.38,,
1945-08-24,0.38,,
1945-08-31,0.38,,
1945-09-07,0.38,,
1945-09-14,0.38,,
1945-09-21,0.38,,
1945-09-28,0.38,,
1945-10-05,0.38,,
1945-10-12,0.38,,
1945-10-19,0.38,,
1945-10-26,0.38,,
1945-11-02,0.38,,
1945-11-09,0.38,,
1945-11-16,0.38,,
1945-11-23,0.38,,
1945-11-30,0.38,,
1945-12-07,0.38,,
1945-12-14,0.38,,
1945-12-21,0.38,,
1945-12-28,0.38,,
1946-01-04,0.38,,
1946-01-11,0.38,,
1946-01-18,0.38,,
1946-01-25,0.38,,
1946-02-01,0.38,,
1946-02-08,0.38,,
1946-02-15,0.38,,
1946-02-22,0.38,,
1946-03-01,0.38,,
1946-03-08,0.38,,
1946-03-15,0.38,,
1946-03-22,0.38,,
1946-03-29,0.38,,
1946-04-05,0.38,,
1946-04-12,0.38,,
1946-04-19,0.38,,
1946-04-26,0.38,,
1946-05-03,0.38,,
1946-05-10,0.38,,
1946-05-17,0.38,,
1946-05-24,0.38,,
1946-05-31,0.38,,
1946-06-07,0.38,,
1946-06-14,0.38,,
1946-06-21,0.38,,
1946-06-28,0.38,,
1946-07-05,0.38,,
1946-07-12,0.38,,
1946-07-19,0.38,,
1946-07-26,0.38,,
1946-08-02,0.38,,
1946-08-09,0.38,,
1946-08-16,0.38,,
1946-08-23,0.38,,
1946-08-30,0.38,,
1946-09-06,0.38,,
1946-09-13,0.38,,
1946-09-20,0.38,,
1946-09-27,0.38,,
1946-10-04,0.38,,
1946-10-11,0.38,,
1946-10-18,0.38,,
1946-10-25,0.38,,
1946-11-01,0.38,,
1946-11-08,0.38,,
1946-11-15,0.38,,
1946-11-22,0.38,,
1946-11-29,0.38,,
1946-12-06,0.38,,
1946-12-13,0.38,,
1946-12-20,0.38,,
1946-12-27,0.38,,
1947-01-03,0.38,,
1947-01-10,0.38,,
1947-01-17,0.38,,
1947-01-24,0.38,,
1947-01-31,0.38,,
1947-02-07,0.38,,
1947-02-14,0.38,,
1947-02-21,0.38,,
1947-02-28,0.38,,
1947-03-07,0.38,,
1947-03-14,0.38,,
1947-03-21,0.38,,
1947-03-28,0.38,,
1947-04-04,0.38,,
1947-04-11,0.38,,
1947-04-18,0.38,,
1947-04-25,0.38,,
1947-05-02,0.38,,
1947-05-09,0.38,,
1947-05-16,0.38,,
1947-05-23,0.38,,
1947-05-30,0.38,,
1947-06-06,0.38,,
1947-06-13,0.38,,
1947-06-20,0.38,,
1947-06-27,0.38,,
1947-07-04,0.38,,
1947-07-11,0.6,,
1947-07-18,0.75,,
1947-07-25,0.75,,
1947-08-01,0.75,,
1947-08-08,0.75,,
1947-08-15,0.75,,
1947-08-22,0.75,,
1947-08-29,0.76,,
1947-09-05,0.77,,
1947-09-12,0.79,,
1947-09-19,0.81,,
1947-09-26,0.82,,
1947-10-03,0.83,,
1947-10-10,0.84,,
1947-10-17,0.85,,
1947-10-24,0.86,,
1947-10-31,0.88,,
1947-11-07,0.9,,
1947-11-14,0.92,,
1947-11-21,0.93,,
1947-11-28,0.95,,
1947-12-05,0.95,,
1947-12-12,0.95,,
1947-12-19,0.95,,
1947-12-26,0.96,,
1948-01-02,0.96,,
1948-01-09,0.96,,
1948-01-16,0.97,,
1948-01-23,0.98,,
1948-01-30,0.99,,
1948-02-06,0.99,,
1948-02-13,1,,
1948-02-20,1,,
1948-02-27,1,,
1948-03-05,1,,
1948-03-12,1,,
1948-03-19,1,,
1948-03-26,1,,
1948-04-02,1,,
1948-04-09,1,,
1948-04-16,1,,
1948-04-23,1,,
1948-04-30,1,,
1948-05-07,1,,
1948-05-14,1,,
1948-05-21,1,,
1948-05-28,1,,
1948-06-04,1,,
1948-06-11,1,,
1948-06-18,1,,
1948-06-25,1,,
1948-07-02,1,,
1948-07-09,1,,
1948-07-16,1,,
1948-07-23,1,,
1948-07-30,1,,
1948-08-06,1,,
1948-08-13,1.05,,
1948-08-20,1.08,,
1948-08-27,1.09,,
1948-09-03,1.1,,
1948-09-10,1.11,,
1948-09-17,1.11,,
1948-09-24,1.12,,
1948-10-01,1.12,,
1948-10-08,1.13,,
1948-10-15,1.14,,
1948-10-22,1.14,,
1948-10-29,1.15,,
1948-11-05,1.14,,
1948-11-12,1.14,,
1948-11-19,1.16,,
1948-11-26,1.16,,
1948-12-03,1.16,,
1948-12-10,1.16,,
1948-12-17,1.16,,
1948-12-24,1.16,,
1948-12-31,1.16,,
1949-01-07,1.16,,
1949-01-14,1.16,,
1949-01-21,1.16,,
1949-01-28,1.17,,
1949-02-04,1.17,,
1949-02-11,1.17,,
1949-02-18,1.17,,
1949-02-25,1.17,,
1949-03-04,1.17,,
1949-03-11,1.17,,
1949-03-18,1.17,,
1949-03-25,1.17,,
1949-04-01,1.17,,
1949-04-08,1.16,,
1949-04-15,1.16,,
1949-04-22,1.17,,
1949-04-29,1.17,,
1949-05-06,1.16,,
1949-05-13,1.16,,
1949-05-20,1.17,,
1949-05-27,1.17,,
1949-06-03,1.17,,
1949-06-10,1.17,,
1949-06-17,1.17,,
1949-06-24,1.17,,
1949-07-01,1.14,,
1949-07-08,1.01,,
1949-07-15,1,,
1949-07-22,1.01,,
1949-07-29,1.03,,
1949-08-05,1.04,,
1949-08-12,1.02,,
1949-08-19,1.04,,
1949-08-26,1.05,,
1949-09-02,1.06,,
1949-09-09,1.06,,
1949-09-16,1.06,,
1949-09-23,1.07,,
1949-09-30,1.08,,
1949-10-07,1.05,,
1949-10-14,1.05,,
1949-10-21,1.03,,
1949-10-28,1.05,,
1949-11-04,1.08,,
1949-11-11,1.08,,
1949-11-18,1.05,,
1949-11-25,1.07,,
1949-12-02,1.12,,
1949-12-09,1.12,,
1949-12-16,1.11,,
1949-12-23,1.09,,
1949-12-30,1.09,,
1950-01-06,1.06,,
1950-01-13,1.06,,
1950-01-20,1.07,,
1950-01-27,1.08,,
1950-02-03,1.11,,
1950-02-10,1.11,,
1950-02-17,1.12,,
1950-02-24,1.12,,
1950-03-03,1.12,,
1950-03-10,1.12,,
1950-03-17,1.11,,
1950-03-24,1.12,,
1950-03-31,1.13,,
1950-04-07,1.14,,
1950-04-14,1.15,,
1950-04-21,1.14,,
1950-04-28,1.16,,
1950-05-05,1.16,,
1950-05-12,1.16,,
1950-05-19,1.15,,
1950-05-26,1.16,,
1950-06-02,1.17,,
1950-06-09,1.16,,
1950-06-16,1.15,,
1950-06-23,1.14,,
1950-06-30,1.14,,
1950-07-07,1.16,,
1950-07-14,1.15,,
1950-07-21,1.16,,
1950-07-28,1.16,,
1950-08-04,1.16,,
1950-08-11,1.16,,
1950-08-18,1.16,,
1950-08-25,1.26,,
1950-09-01,1.29,,
1950-09-08,1.3,,
1950-09-15,1.3,,
1950-09-22,1.3,,
1950-09-29,1.31,,
1950-10-06,1.32,,
1950-10-13,1.33,,
1950-10-20,1.3,,
1950-10-27,1.29,,
1950-11-03,1.33,,
1950-11-10,1.34,,
1950-11-17,1.35,,
1950-11-24,1.37,,
1950-12-01,1.38,,
1950-12-08,1.32,,
1950-12-15,1.31,,
1950-12-22,1.35,,
1950-12-29,1.37,,
1951-01-05,1.32,,
1951-01-12,1.36,,
1951-01-19,1.32,,
1951-01-26,1.35,,
1951-02-02,1.38,,
1951-02-09,1.36,,
1951-02-16,1.36,,
1951-02-23,1.36,,
1951-03-02,1.37,,
1951-03-09,1.37,,
1951-03-16,1.35,,
1951-03-23,1.38,,
1951-03-30,1.5,,
1951-04-06,1.48,,
1951-04-13,1.5,,
1951-04-20,1.46,,
1951-04-27,1.44,,
1951-05-04,1.48,,
1951-05-11,1.56,,
1951-05-18,1.59,,
1951-05-25,1.55,,
1951-06-01,1.54,,
1951-06-08,1.47,,
1951-06-15,1.36,,
1951-06-22,1.41,,
1951-06-29,1.53,,
1951-07-06,1.58,,
1951-07-13,1.55,,
1951-07-20,1.53,,
1951-07-27,1.57,,
1951-08-03,1.6,,
1951-08-10,1.62,,
1951-08-17,1.63,,
1951-08-24,1.61,,
1951-08-31,1.62,,
1951-09-07,1.63,,
1951-09-14,1.63,,
1951-09-21,1.62,,
1951-09-28,1.63,,
1951-10-05,1.59,,
1951-10-12,1.5,,
1951-10-19,1.53,,
1951-10-26,1.54,,
1951-11-02,1.55,,
1951-11-09,1.57,,
1951-11-16,1.58,,
1951-11-23,1.52,,
1951-11-30,1.58,,
1951-12-07,1.63,,
1951-12-14,1.69,,
1951-12-21,1.74,,
1951-12-28,1.88,,
1952-01-04,1.7,,
1952-01-11,1.63,,
1952-01-18,1.58,,
1952-01-25,1.49,,
1952-02-01,1.51,,
1952-02-08,1.55,,
1952-02-15,1.57,,
1952-02-22,1.51,,
1952-02-29,1.55,,
1952-03-07,1.67,,
1952-03-14,1.67,,
1952-03-21,1.53,,
1952-03-28,1.5,,
1952-04-04,1.49,,
1952-04-11,1.57,,
1952-04-18,1.58,,
1952-04-25,1.59,,
1952-05-02,1.65,,
1952-05-09,1.68,,
1952-05-16,1.67,,
1952-05-23,1.65,,
1952-05-30,1.7,,
1952-06-06,1.73,,
1952-06-13,1.71,,
1952-06-20,1.58,,
1952-06-27,1.74,,
1952-07-04,1.75,,
1952-07-11,1.77,,
1952-07-18,1.81,,
1952-07-25,1.84,,
1952-08-01,1.86,,
1952-08-08,1.85,,
1952-08-15,1.81,,
1952-08-22,1.79,,
1952-08-29,1.87,,
1952-09-05,1.84,,
1952-09-12,1.81,,
1952-09-19,1.62,,
1952-09-26,1.6,,
1952-10-03,1.71,,
1952-10-10,1.79,,
1952-10-17,1.75,,
1952-10-24,1.67,,
1952-10-31,1.75,,
1952-11-07,1.78,,
1952-11-14,1.83,,
1952-11-21,1.87,,
1952-11-28,1.93,,
1952-12-05,2.01,,
1952-12-12,2.07,,
1952-12-19,2.13,,
1952-12-26,2.22,,
1953-01-02,2.03,,
1953-01-09,1.99,,
1953-01-16,2.05,,
1953-01-23,1.91,,
1953-01-30,1.92,,
1953-02-06,1.95,,
1953-02-13,1.93,,
1953-02-20,1.96,,
1953-02-27,2.07,,
1953-03-06,2.09,,
1953-03-13,2.03,,
1953-03-20,1.98,,
1953-03-27,1.97,,
1953-04-03,2.02,,
1953-04-10,2.1,,
1953-04-17,2.24,,
1953-04-24,2.25,,
1953-05-01,2.22,,
1953-05-08,2.29,,
1953-05-15,2.15,,
1953-05-22,2.03,,
1953-05-29,2.14,,
1953-06-05,2.27,,
1953-06-12,2.27,,
1953-06-19,2.04,,
1953-06-26,1.89,,
1953-07-03,1.98,,
1953-07-10,1.96,,
1953-07-17,2.03,,
1953-07-24,2.1,,
1953-07-31,2.11,,
1953-08-07,2.07,,
1953-08-14,2.08,,
1953-08-21,2.06,,
1953-08-28,1.98,,
1953-09-04,1.94,,
1953-09-11,1.96,,
1953-09-18,1.83,,
1953-09-25,1.63,,
1953-10-02,1.54,,
1953-10-09,1.4,,
1953-10-16,1.44,,
1953-10-23,1.35,,
1953-10-30,1.27,,
1953-11-06,1.36,,
1953-11-13,1.47,,
1953-11-20,1.42,,
1953-11-27,1.5,,
1953-12-04,1.59,,
1953-12-11,1.62,,
1953-12-18,1.68,,
1953-12-25,1.64,,
1954-01-01,1.48,,
1954-01-08,1.31,,
1954-01-15,1.2,,
1954-01-22,1,,
1954-01-29,1.02,,
1954-02-05,0.9,,
1954-02-12,0.94,,
1954-02-19,0.96,,
1954-02-26,1,,
1954-03-05,1.02,,
1954-03-12,1.04,,
1954-03-19,1,,
1954-03-26,1.05,,
1954-04-02,1,,
1954-04-09,1.03,,
1954-04-16,1.03,,
1954-04-23,0.94,,
1954-04-30,0.81,,
1954-05-07,0.79,,
1954-05-14,0.8,,
1954-05-21,0.76,,
1954-05-28,0.72,,
1954-06-04,0.66,,
1954-06-11,0.62,,
1954-06-18,0.63,,
1954-06-25,0.64,,
1954-07-02,0.66,,
1954-07-09,0.67,,
1954-07-16,0.73,,
1954-07-23,0.77,,
1954-07-30,0.79,,
1954-08-06,0.83,,
1954-08-13,0.93,,
1954-08-20,0.94,,
1954-08-27,1,,
1954-09-03,1.02,,
1954-09-10,1.02,,
1954-09-17,1,,
1954-09-24,0.99,,
1954-10-01,0.97,,
1954-10-08,0.94,,
1954-10-15,1,,
1954-10-22,1,,
1954-10-29,1,,
1954-11-05,0.97,,
1954-11-12,0.9,,
1954-11-19,0.87,,
1954-11-26,0.97,,
1954-12-03,1.03,,
1954-12-10,1.14,,
1954-12-17,1.25,,
1954-12-24,1.2,,
1954-12-31,1.02,,
1955-01-07,1.11,,
1955-01-14,1.36,,
1955-01-21,1.29,,
1955-01-28,1.14,,
1955-02-04,1.08,,
1955-02-11,1.06,,
1955-02-18,1.23,,
1955-02-25,1.37,,
1955-03-04,1.17,,
1955-03-11,1.24,,
1955-03-18,1.3,,
1955-03-25,1.29,,
1955-04-01,1.4,,
1955-04-08,1.55,,
1955-04-15,1.62,,
1955-04-22,1.65,,
1955-04-29,1.59,,
1955-05-06,1.51,,
1955-05-13,1.43,,
1955-05-20,1.42,,
1955-05-27,1.41,,
1955-06-03,1.32,,
1955-06-10,1.47,,
1955-06-17,1.45,,
1955-06-24,1.33,,
1955-07-01,1.46,,
1955-07-08,1.51,,
1955-07-15,1.57,,
1955-07-22,1.66,,
1955-07-29,1.75,,
1955-08-05,1.89,,
1955-08-12,1.84,,
1955-08-19,1.8,,
1955-08-26,1.95,,
1955-09-02,2.09,,
1955-09-09,2.11,,
1955-09-16,2.02,,
1955-09-23,2.04,,
1955-09-30,2.15,,
1955-10-07,2.22,,
1955-10-14,2.3,,
1955-10-21,2.21,,
1955-10-28,2.19,,
1955-11-04,1.96,,
1955-11-11,2.12,,
1955-11-18,2.35,,
1955-11-25,2.42,,
1955-12-02,2.36,,
1955-12-09,2.52,,
1955-12-16,2.55,,
1955-12-23,2.67,,
1955-12-30,2.5,,
1956-01-06,2.52,,
1956-01-13,2.5,,
1956-01-20,2.3,,
1956-01-27,2.3,,
1956-02-03,2.26,,
1956-02-10,2.33,,
1956-02-17,2.37,,
1956-02-24,2.41,,
1956-03-02,2.06,,
1956-03-09,2.28,,
1956-03-16,2.38,,
1956-03-23,2.17,,
1956-03-30,2.3,,
1956-04-06,2.38,,
1956-04-13,2.68,,
1956-04-20,2.75,,
1956-04-27,2.68,,
1956-05-04,2.54,,
1956-05-11,2.61,,
1956-05-18,2.65,,
1956-05-25,2.61,,
1956-06-01,2.55,,
1956-06-08,2.54,,
1956-06-15,2.49,,
1956-06-22,2.43,,
1956-06-29,2.42,,
1956-07-06,2.33,,
1956-07-13,2.3,,
1956-07-20,2.26,,
1956-07-27,2.31,,
1956-08-03,2.24,,
1956-08-10,2.48,,
1956-08-17,2.7,,
1956-08-24,2.8,,
1956-08-31,2.66,,
1956-09-07,2.7,,
1956-09-14,2.82,,
1956-09-21,2.92,,
1956-09-28,2.91,,
1956-10-05,2.92,,
1956-10-12,2.93,,
1956-10-19,2.93,,
1956-10-26,2.86,,
1956-11-02,2.86,,
1956-11-09,2.94,,
1956-11-16,3,,
1956-11-23,3.1,,
1956-11-30,3.04,,
1956-12-07,3.19,,
1956-12-14,3.25,,
1956-12-21,3.19,,
1956-12-28,3.22,,
1957-01-04,3.07,,
1957-01-11,3.06,,
1957-01-18,3.02,,
1957-01-25,3.17,,
1957-02-01,3.08,,
1957-02-08,3,,
1957-02-15,3.04,,
1957-02-22,3.2,,
1957-03-01,3.24,,
1957-03-08,3.2,,
1957-03-15,3.1,,
1957-03-22,2.97,,
1957-03-29,2.96,,
1957-04-05,3.08,,
1957-04-12,3.16,,
1957-04-19,3.08,,
1957-04-26,3.02,,
1957-05-03,2.95,,
1957-05-10,2.92,,
1957-05-17,3.07,,
1957-05-24,3.21,,
1957-05-31,3.31,,
1957-06-07,3.24,,
1957-06-14,3.32,,
1957-06-21,3.32,,
1957-06-28,3.22,,
1957-07-05,3.21,,
1957-07-12,3.11,,
1957-07-19,3,,
1957-07-26,3.26,,
1957-08-02,3.3,,
1957-08-09,3.36,,
1957-08-16,3.34,,
1957-08-23,3.37,,
1957-08-30,3.5,,
1957-09-06,3.54,,
1957-09-13,3.57,,
1957-09-20,3.54,,
1957-09-27,3.45,,
1957-10-04,3.5,,
1957-10-11,3.57,,
1957-10-18,3.6,,
1957-10-25,3.6,,
1957-11-01,3.59,,
1957-11-08,3.46,,
1957-11-15,3.16,,
1957-11-22,3.13,,
1957-11-29,3.14,,
1957-12-06,3.06,,
1957-12-13,3.06,,
1957-12-20,3.15,,
1957-12-27,3.04,,
1958-01-03,2.8,,
1958-01-10,2.65,,
1958-01-17,2.56,,
1958-01-24,2.26,,
1958-01-31,1.55,,
1958-02-07,1.67,,
1958-02-14,1.72,,
1958-02-21,1.42,,
1958-02-28,1.27,,
1958-03-07,1.43,,
1958-03-14,1.34,,
1958-03-21,1.31,,
1958-03-28,1.06,,
1958-04-04,1.02,,
1958-04-11,1.15,,
1958-04-18,1.04,,
1958-04-25,1.25,,
1958-05-02,1.2,,
1958-05-09,1.06,,
1958-05-16,0.94,,
1958-05-23,0.64,,
1958-05-30,0.58,,
1958-06-06,0.74,,
1958-06-13,0.86,,
1958-06-20,0.95,,
1958-06-27,0.77,,
1958-07-04,0.8,,
1958-07-11,0.98,,
1958-07-18,0.91,,
1958-07-25,0.82,,
1958-08-01,0.97,,
1958-08-08,1.32,,
1958-08-15,1.75,,
1958-08-22,1.99,,
1958-08-29,2.33,,
1958-09-05,2.26,,
1958-09-12,2.44,,
1958-09-19,2.33,,
1958-09-26,2.62,,
1958-10-03,2.48,,
1958-10-10,2.7,,
1958-10-17,2.65,,
1958-10-24,2.66,,
1958-10-31,2.55,,
1958-11-07,2.46,,
1958-11-14,2.78,,
1958-11-21,2.66,,
1958-11-28,2.78,,
1958-12-05,2.78,,
1958-12-12,2.84,,
1958-12-19,2.76,,
1958-12-26,2.71,,
1959-01-02,2.67,,
1959-01-09,2.71,,
1959-01-16,2.91,,
1959-01-23,2.96,,
1959-01-30,2.64,,
1959-02-06,2.6,,
1959-02-13,2.7,,
1959-02-20,2.58,,
1959-02-27,2.76,,
1959-03-06,2.98,,
1959-03-13,2.8,,
1959-03-20,2.77,,
1959-03-27,2.77,,
1959-04-03,2.88,,
1959-04-10,3.02,,
1959-04-17,3.12,,
1959-04-24,2.9,,
1959-05-01,2.87,,
1959-05-08,2.77,,
1959-05-15,2.8,,
1959-05-22,2.85,,
1959-05-29,3.08,,
1959-06-05,3.18,,
1959-06-12,3.28,,
1959-06-19,3.25,,
1959-06-26,3.12,,
1959-07-03,3.19,,
1959-07-10,3.31,,
1959-07-17,3.34,,
1959-07-24,3,,
1959-07-31,3,,
1959-08-07,3.01,,
1959-08-14,3.26,,
1959-08-21,3.66,,
1959-08-28,3.7,,
1959-09-04,3.93,,
1959-09-11,4.02,,
1959-09-18,3.98,,
1959-09-25,4.03,,
1959-10-02,3.94,,
1959-10-09,4.17,,
1959-10-16,4.18,,
1959-10-23,3.92,,
1959-10-30,4,,
1959-11-06,3.93,,
1959-11-13,4.05,,
1959-11-20,4.13,,
1959-11-27,4.32,,
1959-12-04,4.53,,
1959-12-11,4.48,,
1959-12-18,4.55,,
1959-12-25,4.46,,
1960-01-01,4.4,,
1960-01-08,4.59,,
1960-01-15,4.49,,
1960-01-22,4.12,,
1960-01-29,3.99,,
1960-02-05,3.8,,
1960-02-12,3.85,,
1960-02-19,4.08,,
1960-02-26,4.19,,
1960-03-04,3.64,,
1960-03-11,3.59,,
1960-03-18,3.3,,
1960-03-25,2.68,,
1960-04-01,2.84,,
1960-04-08,3.3,,
1960-04-15,3.52,,
1960-04-22,3.37,,
1960-04-29,3.04,,
1960-05-06,3.04,,
1960-05-13,3.44,,
1960-05-20,3.25,,
1960-05-27,3.09,,
1960-06-03,2.65,,
1960-06-10,2.38,,
1960-06-17,2.37,,
1960-06-24,2.35,,
1960-07-01,2.05,,
1960-07-08,2.39,,
1960-07-15,2.31,,
1960-07-22,2.35,,
1960-07-29,2.19,,
1960-08-05,2.13,,
1960-08-12,2.15,,
1960-08-19,2.4,,
1960-08-26,2.46,,
1960-09-02,2.49,,
1960-09-09,2.59,,
1960-09-16,2.48,,
1960-09-23,2.4,,
1960-09-30,2.3,,
1960-10-07,2.53,,
1960-10-14,2.44,,
1960-10-21,2.15,,
1960-10-28,2.07,,
1960-11-04,2.22,,
1960-11-11,2.45,,
1960-11-18,2.37,,
1960-11-25,2.39,,
1960-12-02,2.3,,
1960-12-09,2.26,,
1960-12-16,2.24,,
1960-12-23,2.18,,
1960-12-30,2.2,,
1961-01-06,2.28,,
1961-01-13,2.27,,
1961-01-20,2.22,,
1961-01-27,2.18,,
1961-02-03,2.28,,
1961-02-10,2.39,,
1961-02-17,2.4,,
1961-02-24,2.52,,
1961-03-03,2.51,,
1961-03-10,2.42,,
1961-03-17,2.3,,
1961-03-24,2.32,,
1961-03-31,2.42,,
1961-04-07,2.3,,
1961-04-14,2.3,,
1961-04-21,2.23,,
1961-04-28,2.27,,
1961-05-05,2.18,,
1961-05-12,2.22,,
1961-05-19,2.29,,
1961-05-26,2.39,,
1961-06-02,2.47,,
1961-06-09,2.35,,
1961-06-16,2.33,,
1961-06-23,2.28,,
1961-06-30,2.27,,
1961-07-07,2.3,,
1961-07-14,2.2,,
1961-07-21,2.16,,
1961-07-28,2.24,,
1961-08-04,2.29,,
1961-08-11,2.44,,
1961-08-18,2.47,,
1961-08-25,2.34,,
1961-09-01,2.35,,
1961-09-08,2.31,,
1961-09-15,2.27,,
1961-09-22,2.25,,
1961-09-29,2.23,,
1961-10-06,2.31,,
1961-10-13,2.37,,
1961-10-20,2.3,,
1961-10-27,2.29,,
1961-11-03,2.28,,
1961-11-10,2.47,,
1961-11-17,2.53,,
1961-11-24,2.55,,
1961-12-01,2.53,,
1961-12-08,2.57,,
1961-12-15,2.63,,
1961-12-22,2.6,,
1961-12-29,2.67,,
1962-01-05,2.74,,
1962-01-12,2.76,,
1962-01-19,2.71,,
1962-01-26,2.67,,
1962-02-02,2.67,,
1962-02-09,2.72,,
1962-02-16,2.83,,
1962-02-23,2.69,,
1962-03-02,2.69,,
1962-03-09,2.76,,
1962-03-16,2.72,,
1962-03-23,2.7,,
1962-03-30,2.75,,
1962-04-06,2.7,,
1962-04-13,2.74,,
1962-04-20,2.73,,
1962-04-27,2.74,,
1962-05-04,2.73,,
1962-05-11,2.63,,
1962-05-18,2.68,,
1962-05-25,2.69,,
1962-06-01,2.69,,
1962-06-08,2.65,,
1962-06-15,2.71,,
1962-06-22,2.74,,
1962-06-29,2.9,,
1962-07-06,2.93,,
1962-07-13,2.96,,
1962-07-20,2.91,,
1962-07-27,2.88,,
1962-08-03,2.82,,
1962-08-10,2.83,,
1962-08-17,2.84,,
1962-08-24,2.82,,
1962-08-31,2.81,,
1962-09-07,2.79,,
1962-09-14,2.78,,
1962-09-21,2.76,,
1962-09-28,2.74,,
1962-10-05,2.76,,
1962-10-12,2.77,,
1962-10-19,2.72,,
1962-10-26,2.73,,
1962-11-02,2.83,,
1962-11-09,2.8,,
1962-11-16,2.83,,
1962-11-23,2.84,,
1962-11-30,2.86,,
1962-12-07,2.83,,
1962-12-14,2.85,,
1962-12-21,2.88,,
1962-12-28,2.93,,
1963-01-04,2.9,,
1963-01-11,2.89,,
1963-01-18,2.92,,
1963-01-25,2.93,,
1963-02-01,2.94,,
1963-02-08,2.95,,
1963-02-15,2.92,,
1963-02-22,2.87,,
1963-03-01,2.9,,
1963-03-08,2.86,,
1963-03-15,2.88,,
1963-03-22,2.9,,
1963-03-29,2.91,,
1963-04-05,2.91,,
1963-04-12,2.92,,
1963-04-19,2.88,,
1963-04-26,2.89,,
1963-05-03,2.9,,
1963-05-10,2.91,,
1963-05-17,2.91,,
1963-05-24,2.96,,
1963-05-31,3,,
1963-06-07,2.98,,
1963-06-14,2.99,,
1963-06-21,2.98,,
1963-06-28,2.99,,
1963-07-05,3.07,,
1963-07-12,3.18,,
1963-07-19,3.18,,
1963-07-26,3.2,,
1963-08-02,3.21,,
1963-08-09,3.3,,
1963-08-16,3.34,,
1963-08-23,3.38,,
1963-08-30,3.39,,
1963-09-06,3.34,,
1963-09-13,3.38,,
1963-09-20,3.4,,
1963-09-27,3.36,,
1963-10-04,3.45,,
1963-10-11,3.44,,
1963-10-18,3.48,,
1963-10-25,3.44,,
1963-11-01,3.49,,
1963-11-08,3.55,,
1963-11-15,3.53,,
1963-11-22,3.49,,
1963-11-29,3.5,,
1963-12-06,3.5,,
1963-12-13,3.52,,
1963-12-20,3.52,,
1963-12-27,3.52,,
1964-01-03,3.53,,
1964-01-10,3.53,,
1964-01-17,3.54,,
1964-01-24,3.51,,
1964-01-31,3.5,,
1964-02-07,3.52,,
1964-02-14,3.52,,
1964-02-21,3.54,,
1964-02-28,3.6,,
1964-03-06,3.54,,
1964-03-13,3.54,,
1964-03-20,3.55,,
1964-03-27,3.54,,
1964-04-03,3.52,,
1964-04-10,3.46,,
1964-04-17,3.46,,
1964-04-24,3.45,,
1964-05-01,3.46,,
1964-05-08,3.49,,
1964-05-15,3.47,,
1964-05-22,3.47,,
1964-05-29,3.47,,
1964-06-05,3.47,,
1964-06-12,3.48,,
1964-06-19,3.48,,
1964-06-26,3.47,,
1964-07-03,3.48,,
1964-07-10,3.43,,
1964-07-17,3.44,,
1964-07-24,3.45,,
1964-07-31,3.47,,
1964-08-07,3.49,,
1964-08-14,3.51,,
1964-08-21,3.5,,
1964-08-28,3.49,,
1964-09-04,3.51,,
1964-09-11,3.52,,
1964-09-18,3.54,,
1964-09-25,3.54,,
1964-10-02,3.56,,
1964-10-09,3.58,,
1964-10-16,3.59,,
1964-10-23,3.57,,
1964-10-30,3.55,,
1964-11-06,3.57,,
1964-11-13,3.59,,
1964-11-20,3.62,,
1964-11-27,3.81,,
1964-12-04,3.78,,
1964-12-11,3.82,,
1964-12-18,3.86,,
1964-12-25,3.86,,
1965-01-01,3.82,,
1965-01-08,3.78,,
1965-01-15,3.77,,
1965-01-22,3.83,,
1965-01-29,3.87,,
1965-02-05,3.91,,
1965-02-12,3.92,,
1965-02-19,3.96,,
1965-02-26,3.99,,
1965-03-05,3.95,,
1965-03-12,3.93,,
1965-03-19,3.92,,
1965-03-26,3.9,,
1965-04-02,3.94,,
1965-04-09,3.93,,
1965-04-16,3.94,,
1965-04-23,3.92,,
1965-04-30,3.91,,
1965-05-07,3.89,,
1965-05-14,3.9,,
1965-05-21,3.9,,
1965-05-28,3.87,,
1965-06-04,3.81,,
1965-06-11,3.81,,
1965-06-18,3.8,,
1965-06-25,3.77,,
1965-07-02,3.83,,
1965-07-09,3.87,,
1965-07-16,3.84,,
1965-07-23,3.81,,
1965-07-30,3.81,,
1965-08-06,3.84,,
1965-08-13,3.8,,
1965-08-20,3.83,,
1965-08-27,3.86,,
1965-09-03,3.87,,
1965-09-10,3.88,,
1965-09-17,3.88,,
1965-09-24,3.98,,
1965-10-01,4,,
1965-10-08,4,,
1965-10-15,4.02,,
1965-10-22,4.04,,
1965-10-29,4.06,,
1965-11-05,4.04,,
1965-11-12,4.07,,
1965-11-19,4.1,,
1965-11-26,4.11,,
1965-12-03,4.12,,
1965-12-10,4.33,,
1965-12-17,4.46,,
1965-12-24,4.47,,
1965-12-31,4.49,,
1966-01-07,4.54,,
1966-01-14,4.63,,
1966-01-21,4.59,,
1966-01-28,4.57,,
1966-02-04,4.62,,
1966-02-11,4.65,,
1966-02-18,4.66,,
1966-02-25,4.63,,
1966-03-04,4.57,,
1966-03-11,4.69,,
1966-03-18,4.59,,
1966-03-25,4.53,,
1966-04-01,4.5,,
1966-04-08,4.58,,
1966-04-15,4.66,,
1966-04-22,4.63,,
1966-04-29,4.65,,
1966-05-06,4.66,,
1966-05-13,4.61,,
1966-05-20,4.64,,
1966-05-27,4.62,,
1966-06-03,4.54,,
1966-06-10,4.57,,
1966-06-17,4.46,,
1966-06-24,4.38,,
1966-07-01,4.64,,
1966-07-08,4.68,,
1966-07-15,4.93,,
1966-07-22,4.84,,
1966-07-29,4.77,,
1966-08-05,4.79,,
1966-08-12,4.94,,
1966-08-19,5.06,,
1966-08-26,5.03,,
1966-09-02,5.09,,
1966-09-09,5.22,,
1966-09-16,5.46,,
1966-09-23,5.51,,
1966-09-30,5.34,,
1966-10-07,5.36,,
1966-10-14,5.44,,
1966-10-21,5.27,,
1966-10-28,5.23,,
1966-11-04,5.36,,
1966-11-11,5.45,,
1966-11-18,5.29,,
1966-11-25,5.27,,
1966-12-02,5.16,,
1966-12-09,5.11,,
1966-12-16,4.85,,
1966-12-23,4.78,,
1966-12-30,4.81,,
1967-01-06,4.78,,
1967-01-13,4.79,,
1967-01-20,4.71,,
1967-01-27,4.59,,
1967-02-03,4.46,,
1967-02-10,4.56,,
1967-02-17,4.62,,
1967-02-24,4.59,,
1967-03-03,4.37,,
1967-03-10,4.36,,
1967-03-17,4.24,,
1967-03-24,4.15,,
1967-03-31,4.01,,
1967-04-07,3.87,,
1967-04-14,3.89,,
1967-04-21,3.75,,
1967-04-28,3.73,,
1967-05-05,3.69,,
1967-05-12,3.65,,
1967-05-19,3.54,,
1967-05-26,3.48,,
1967-06-02,3.39,,
1967-06-09,3.45,,
1967-06-16,3.61,,
1967-06-23,3.33,,
1967-06-30,4,,
1967-07-07,4.21,,
1967-07-14,4.18,,
1967-07-21,4.22,,
1967-07-28,4.15,,
1967-08-04,4.19,,
1967-08-11,4.17,,
1967-08-18,4.25,,
1967-08-25,4.4,,
1967-09-01,4.34,,
1967-09-08,4.31,,
1967-09-15,4.4,,
1967-09-22,4.6,,
1967-09-29,4.39,,
1967-10-06,4.5,,
1967-10-13,4.61,,
1967-10-20,4.58,,
1967-10-27,4.53,,
1967-11-03,4.61,,
1967-11-10,4.61,,
1967-11-17,4.67,,
1967-11-24,4.91,,
1967-12-01,5.01,,
1967-12-08,4.89,,
1967-12-15,5.07,,
1967-12-22,4.96,,
1967-12-29,5.04,,
1968-01-05,4.96,,
1968-01-12,5.08,,
1968-01-19,5.07,,
1968-01-26,4.88,,
1968-02-02,4.86,,
1968-02-09,5.01,,
1968-02-16,4.92,,
1968-02-23,5.01,,
1968-03-01,5.01,,
1968-03-08,5.09,,
1968-03-15,5.37,,
1968-03-22,5.19,,
1968-03-29,5.17,,
1968-04-05,5.24,,
1968-04-12,5.44,,
1968-04-19,5.53,,
1968-04-26,5.51,,
1968-05-03,5.54,,
1968-05-10,5.55,,
1968-05-17,5.8,,
1968-05-24,5.72,,
1968-05-31,5.68,,
1968-06-07,5.66,,
1968-06-14,5.63,,
1968-06-21,5.2,,
1968-06-28,5.3,,
1968-07-05,5.36,,
1968-07-12,5.38,,
1968-07-19,5.29,,
1968-07-26,5.2,,
1968-08-02,4.9,,
1968-08-09,4.99,,
1968-08-16,5.11,,
1968-08-23,5.15,,
1968-08-30,5.18,,
1968-09-06,5.23,,
1968-09-13,5.24,,
1968-09-20,5.17,,
1968-09-27,5.12,,
1968-10-04,5.23,,
1968-10-11,5.26,,
1968-10-18,5.33,,
1968-10-25,5.42,,
1968-11-01,5.46,,
1968-11-08,5.46,,
1968-11-15,5.42,,
1968-11-22,5.42,,
1968-11-29,5.52,,
1968-12-06,5.66,,
1968-12-13,5.88,,
1968-12-20,6.19,,
1968-12-27,6.12,,
1969-01-03,6.13,,
1969-01-10,6.11,,
1969-01-17,6.07,,
1969-01-24,6.17,,
1969-01-31,6.19,,
1969-02-07,6.15,,
1969-02-14,6.05,,
1969-02-21,6.02,,
1969-02-28,6.19,,
1969-03-07,6.06,,
1969-03-14,6.02,,
1969-03-21,5.96,,
1969-03-28,5.99,,
1969-04-04,6.09,,
1969-04-11,6.17,,
1969-04-18,6.19,,
1969-04-25,6.08,,
1969-05-02,5.96,,
1969-05-09,5.96,,
1969-05-16,6.1,,
1969-05-23,6.01,,
1969-05-30,6.08,,
1969-06-06,6.34,,
1969-06-13,6.76,,
1969-06-20,6.52,,
1969-06-27,6.15,,
1969-07-04,6.81,,
1969-07-11,6.89,,
1969-07-18,7.05,,
1969-07-25,7.13,,
1969-08-01,7,,
1969-08-08,7.02,,
1969-08-15,6.85,,
1969-08-22,6.96,,
1969-08-29,6.95,,
1969-09-05,7.06,,
1969-09-12,7.1,,
1969-09-19,7.16,,
1969-09-26,7.06,,
1969-10-03,7,,
1969-10-10,6.98,,
1969-10-17,6.97,,
1969-10-24,7,,
1969-10-31,6.99,,
1969-11-07,7.13,,
1969-11-14,7.09,,
1969-11-21,7.38,,
1969-11-28,7.51,,
1969-12-05,7.67,,
1969-12-12,7.81,,
1969-12-19,7.79,,
1969-12-26,7.86,,
1970-01-02,7.92,,
1970-01-09,7.89,,
1970-01-16,7.8,,
1970-01-23,7.86,,
1970-01-30,7.86,,
1970-02-06,7.42,,
1970-02-13,6.95,,
1970-02-20,6.8,,
1970-02-27,6.85,,
1970-03-06,6.85,,
1970-03-13,6.77,,
1970-03-20,6.52,,
1970-03-27,6.26,,
1970-04-03,6.36,,
1970-04-10,6.36,,
1970-04-17,6.4,,
1970-04-24,6.6,,
1970-05-01,6.84,,
1970-05-08,6.56,,
1970-05-15,6.76,,
1970-05-22,6.86,,
1970-05-29,6.93,,
1970-06-05,6.8,,
1970-06-12,6.79,,
1970-06-19,6.7,,
1970-06-26,6.38,,
1970-07-03,6.48,,
1970-07-10,6.52,,
1970-07-17,6.4,,
1970-07-24,6.32,,
1970-07-31,6.38,,
1970-08-07,6.47,,
1970-08-14,6.54,,
1970-08-21,6.29,,
1970-08-28,6.28,,
1970-09-04,6.32,,
1970-09-11,6.39,,
1970-09-18,6.08,,
1970-09-25,5.82,,
1970-10-02,5.86,,
1970-10-09,6.05,,
1970-10-16,5.93,,
1970-10-23,5.76,,
1970-10-30,5.84,,
1970-11-06,5.5,,
1970-11-13,5.44,,
1970-11-20,5.02,,
1970-11-27,5.16,,
1970-12-04,4.91,,
1970-12-11,4.86,,
1970-12-18,4.75,,
1970-12-25,4.83,,
1971-01-01,4.85,,
1971-01-08,4.75,,
1971-01-15,4.32,,
1971-01-22,4.18,,
1971-01-29,4.15,,
1971-02-05,3.96,,
1971-02-12,3.64,,
1971-02-19,3.49,,
1971-02-26,3.4,,
1971-03-05,3.33,,
1971-03-12,3.24,,
1971-03-19,3.35,,
1971-03-26,3.43,,
1971-04-02,3.67,,
1971-04-09,3.9,,
1971-04-16,3.82,,
1971-04-23,3.8,,
1971-04-30,3.93,,
1971-05-07,3.78,,
1971-05-14,4.12,,
1971-05-21,4.38,,
1971-05-28,4.34,,
1971-06-04,4.32,,
1971-06-11,4.71,,
1971-06-18,4.93,,
1971-06-25,4.88,,
1971-07-02,5.36,,
1971-07-09,5.36,,
1971-07-16,5.5,,
1971-07-23,5.47,,
1971-07-30,5.31,,
1971-08-06,5.28,,
1971-08-13,5.15,,
1971-08-20,4.65,,
1971-08-27,4.63,,
1971-09-03,4.54,,
1971-09-10,4.68,,
1971-09-17,4.72,,
1971-09-24,4.73,,
1971-10-01,4.55,,
1971-10-08,4.53,,
1971-10-15,4.44,,
1971-10-22,4.46,,
1971-10-29,4.31,,
1971-11-05,4.15,,
1971-11-12,4.17,,
1971-11-19,4.17,,
1971-11-26,4.4,,
1971-12-03,4.15,,
1971-12-10,4.09,,
1971-12-17,4,,
1971-12-24,3.83,,
1971-12-31,3.68,,
1972-01-07,3.33,,
1972-01-14,3.19,,
1972-01-21,3.43,,
1972-01-28,3.36,,
1972-02-04,3.24,,
1972-02-11,2.99,,
1972-02-18,3.1,,
1972-02-25,3.36,,
1972-03-03,3.49,,
1972-03-10,3.64,,
1972-03-17,3.88,,
1972-03-24,3.8,,
1972-03-31,3.83,,
1972-04-07,3.8,,
1972-04-14,3.84,,
1972-04-21,3.47,,
1972-04-28,3.63,,
1972-05-05,3.42,,
1972-05-12,3.6,,
1972-05-19,3.8,,
1972-05-26,3.75,,
1972-06-02,3.86,,
1972-06-09,3.86,,
1972-06-16,3.95,,
1972-06-23,4,,
1972-06-30,4.06,,
1972-07-07,4.02,,
1972-07-14,3.95,,
1972-07-21,3.94,,
1972-07-28,3.85,,
1972-08-04,3.82,,
1972-08-11,3.84,,
1972-08-18,3.92,,
1972-08-25,4.23,,
1972-09-01,4.54,,
1972-09-08,4.73,,
1972-09-15,4.68,,
1972-09-22,4.7,,
1972-09-29,4.55,,
1972-10-06,4.71,,
1972-10-13,4.84,,
1972-10-20,4.74,,
1972-10-27,4.72,,
1972-11-03,4.71,,
1972-11-10,4.72,,
1972-11-17,4.76,,
1972-11-24,4.85,,
1972-12-01,4.9,,
1972-12-08,5.06,,
1972-12-15,5.07,,
1972-12-22,5.12,,
1972-12-29,5.14,,
1973-01-05,5.13,,
1973-01-12,5.24,,
1973-01-19,5.56,,
1973-01-26,5.74,,
1973-02-02,5.73,,
1973-02-09,5.44,,
1973-02-16,5.4,,
1973-02-23,5.55,,
1973-03-02,5.75,,
1973-03-09,5.84,,
1973-03-16,6.21,,
1973-03-23,6.31,,
1973-03-30,6.4,,
1973-04-06,6.25,,
1973-04-13,6.21,,
1973-04-20,6.13,,
1973-04-27,6.21,,
1973-05-04,6.19,,
1973-05-11,6.23,,
1973-05-18,6.3,,
1973-05-25,6.64,,
1973-06-01,6.97,,
1973-06-08,7,,
1973-06-15,7.18,,
1973-06-22,7.24,,
1973-06-29,7.52,,
1973-07-06,7.92,,
1973-07-13,7.78,,
1973-07-20,8.17,,
1973-07-27,8.25,,
1973-08-03,8.27,,
1973-08-10,8.84,,
1973-08-17,8.72,,
1973-08-24,8.46,,
1973-08-31,8.66,,
1973-09-07,8.8,,
1973-09-14,8.75,,
1973-09-21,7.69,,
1973-09-28,6.98,,
1973-10-05,7.36,,
1973-10-12,7.14,,
1973-10-19,7.03,,
1973-10-26,7.18,,
1973-11-02,7.66,,
1973-11-09,8.14,,
1973-11-16,7.61,,
1973-11-23,7.82,,
1973-11-30,7.3,,
1973-12-07,7.65,,
1973-12-14,7.53,,
1973-12-21,7.33,,
1973-12-28,7.47,,
1974-01-04,7.49,,
1974-01-11,7.87,,
1974-01-18,7.86,,
1974-01-25,7.98,,
1974-02-01,7.31,,
1974-02-08,7.04,,
1974-02-15,7.06,,
1974-02-22,7.1,,
1974-03-01,7.54,,
1974-03-08,7.84,,
1974-03-15,7.84,,
1974-03-22,8.07,,
1974-03-29,8.28,,
1974-04-05,8.65,,
1974-04-12,8.24,,
1974-04-19,7.81,,
1974-04-26,8.48,,
1974-05-03,8.82,,
1974-05-10,8.15,,
1974-05-17,7.93,,
1974-05-24,7.68,,
1974-05-31,8.08,,
1974-06-07,8.15,,
1974-06-14,8.31,,
1974-06-21,7.3,,
1974-06-28,7.34,,
1974-07-05,7.74,,
1974-07-12,7.36,,
1974-07-19,7.82,,
1974-07-26,7.4,,
1974-08-02,8.33,,
1974-08-09,8.93,,
1974-08-16,8.74,,
1974-08-23,9.74,,
1974-08-30,8.93,,
1974-09-06,9.26,,
1974-09-13,8.96,,
1974-09-20,7.07,,
1974-09-27,6.17,,
1974-10-04,6.52,,
1974-10-11,7.63,,
1974-10-18,7.63,,
1974-10-25,7.82,,
1974-11-01,7.78,,
1974-11-08,7.58,,
1974-11-15,7.32,,
1974-11-22,7.4,,
1974-11-29,7.47,,
1974-12-06,7.42,,
1974-12-13,7.31,,
1974-12-20,6.97,,
1974-12-27,6.96,,
1975-01-03,6.76,,
1975-01-10,6.64,,
1975-01-17,6.29,,
1975-01-24,5.49,,
1975-01-31,5.68,,
1975-02-07,5.74,,
1975-02-14,5.45,,
1975-02-21,5.16,,
1975-02-28,5.4,,
1975-03-07,5.58,,
1975-03-14,5.38,,
1975-03-21,5.4,,
1975-03-28,5.49,,
1975-04-04,5.68,,
1975-04-11,5.56,,
1975-04-18,5.44,,
1975-04-25,5.63,,
1975-05-02,5.31,,
1975-05-09,5.38,,
1975-05-16,5.06,,
1975-05-23,5.21,,
1975-05-30,5.2,,
1975-06-06,5.21,,
1975-06-13,4.94,,
1975-06-20,5.7,,
1975-06-27,5.78,,
1975-07-04,6,,
1975-07-11,6.02,,
1975-07-18,6.05,,
1975-07-25,6.27,,
1975-08-01,6.35,,
1975-08-08,6.41,,
1975-08-15,6.42,,
1975-08-22,6.46,,
1975-08-29,6.36,,
1975-09-05,6.39,,
1975-09-12,6.45,,
1975-09-19,6.36,,
1975-09-26,6.43,,
1975-10-03,6.29,,
1975-10-10,6.09,,
1975-10-17,5.89,,
1975-10-24,5.66,,
1975-10-31,5.51,,
1975-11-07,5.38,,
1975-11-14,5.45,,
1975-11-21,5.6,,
1975-11-28,5.54,,
1975-12-05,5.58,,
1975-12-12,5.56,,
1975-12-19,5.28,,
1975-12-26,5.17,,
1976-01-02,5.2,,
1976-01-09,4.87,,
1976-01-16,4.87,,
1976-01-23,4.68,,
1976-01-30,4.73,,
1976-02-06,4.9,,
1976-02-13,4.85,,
1976-02-20,4.81,,
1976-02-27,5,,
1976-03-05,5.13,,
1976-03-12,4.9,,
1976-03-19,4.96,,
1976-03-26,4.88,,
1976-04-02,4.96,,
1976-04-09,4.89,,
1976-04-16,4.78,,
1976-04-23,4.92,,
1976-04-30,4.91,,
1976-05-07,5,,
1976-05-14,5.16,,
1976-05-21,5.44,,
1976-05-28,5.49,,
1976-06-04,5.46,,
1976-06-11,5.42,,
1976-06-18,5.35,,
1976-06-25,5.31,,
1976-07-02,5.35,,
1976-07-09,5.25,,
1976-07-16,5.2,,
1976-07-23,5.21,,
1976-07-30,5.17,,
1976-08-06,5.18,,
1976-08-13,5.16,,
1976-08-20,5.17,,
1976-08-27,5.13,,
1976-09-03,5.09,,
1976-09-10,5.11,,
1976-09-17,5.06,,
1976-09-24,5.11,,
1976-10-01,5.04,,
1976-10-08,4.92,,
1976-10-15,4.79,,
1976-10-22,4.89,,
1976-10-29,4.89,,
1976-11-05,4.84,,
1976-11-12,4.92,,
1976-11-19,4.67,,
1976-11-26,4.51,,
1976-12-03,4.38,,
1976-12-10,4.37,,
1976-12-17,4.25,,
1976-12-24,4.28,,
1976-12-31,4.34,,
1977-01-07,4.62,,
1977-01-14,4.61,,
1977-01-21,4.65,,
1977-01-28,4.73,,
1977-02-04,4.62,,
1977-02-11,4.61,,
1977-02-18,4.66,,
1977-02-25,4.71,,
1977-03-04,4.63,,
1977-03-11,4.59,,
1977-03-18,4.59,,
1977-03-25,4.62,,
1977-04-01,4.54,,
1977-04-08,4.58,,
1977-04-15,4.52,,
1977-04-22,4.53,,
1977-04-29,4.69,,
1977-05-06,4.8,,
1977-05-13,4.99,,
1977-05-20,5.17,,
1977-05-27,4.99,,
1977-06-03,5.02,,
1977-06-10,5.06,,
1977-06-17,4.99,,
1977-06-24,4.98,,
1977-07-01,5.02,,
1977-07-08,5.13,,
1977-07-15,5.18,,
1977-07-22,5.17,,
1977-07-29,5.4,,
1977-08-05,5.34,,
1977-08-12,5.51,,
1977-08-19,5.48,,
1977-08-26,5.54,,
1977-09-02,5.53,,
1977-09-09,5.8,,
1977-09-16,5.86,,
1977-09-23,5.95,,
1977-09-30,5.89,,
1977-10-07,6.12,,
1977-10-14,6.29,,
1977-10-21,6.08,,
1977-10-28,6.01,,
1977-11-04,6.17,,
1977-11-11,6.13,,
1977-11-18,6.04,,
1977-11-25,6.04,,
1977-12-02,6.02,,
1977-12-09,6.07,,
1977-12-16,5.99,,
1977-12-23,6.1,,
1977-12-30,6.13,,
1978-01-06,6.25,,
1978-01-13,6.48,,
1978-01-20,6.48,,
1978-01-27,6.42,,
1978-02-03,6.42,,
1978-02-10,6.44,,
1978-02-17,6.45,,
1978-02-24,6.4,,
1978-03-03,6.34,,
1978-03-10,6.28,,
1978-03-17,6.24,,
1978-03-24,6.24,,
1978-03-31,6.47,,
1978-04-07,6.34,,
1978-04-14,6.14,,
1978-04-21,6.25,,
1978-04-28,6.35,,
1978-05-05,6.43,,
1978-05-12,6.33,,
1978-05-19,6.39,,
1978-05-26,6.63,,
1978-06-02,6.59,,
1978-06-09,6.65,,
1978-06-16,6.72,,
1978-06-23,6.86,,
1978-06-30,7.01,,
1978-07-07,7.13,,
1978-07-14,7.07,,
1978-07-21,7.02,,
1978-07-28,6.74,,
1978-08-04,6.78,,
1978-08-11,6.86,,
1978-08-18,7.3,,
1978-08-25,7.24,,
1978-09-01,7.7,,
1978-09-08,7.67,,
1978-09-15,7.88,,
1978-09-22,8.15,,
1978-09-29,7.98,,
1978-10-06,8.19,,
1978-10-13,7.82,,
1978-10-20,7.75,,
1978-10-27,7.93,,
1978-11-03,8.8,,
1978-11-10,8.51,,
1978-11-17,7.98,,
1978-11-24,8.86,,
1978-12-01,8.85,,
1978-12-08,8.95,,
1978-12-15,9.08,,
1978-12-22,9.37,,
1978-12-29,9.26,,
1979-01-05,9.34,,
1979-01-12,9.35,,
1979-01-19,9.4,,
1979-01-26,9.34,,
1979-02-02,9.25,,
1979-02-09,9.31,,
1979-02-16,9.29,,
1979-02-23,9.44,,
1979-03-02,9.41,,
1979-03-09,9.52,,
1979-03-16,9.52,,
1979-03-23,9.55,,
1979-03-30,9.44,,
1979-04-06,9.6,,
1979-04-13,9.69,,
1979-04-20,9.31,,
1979-04-27,9.66,,
1979-05-04,9.68,,
1979-05-11,9.56,,
1979-05-18,9.72,,
1979-05-25,9.54,,
1979-06-01,9.52,,
1979-06-08,9.18,,
1979-06-15,9.15,,
1979-06-22,8.99,,
1979-06-29,8.95,,
1979-07-06,9.2,,
1979-07-13,9.3,,
1979-07-20,9.42,,
1979-07-27,9.23,,
1979-08-03,9.38,,
1979-08-10,9.46,,
1979-08-17,9.58,,
1979-08-24,9.64,,
1979-08-31,9.81,,
1979-09-07,10.42,,
1979-09-14,10.29,,
1979-09-21,10.1,,
1979-09-28,10.12,,
1979-10-05,10.7,,
1979-10-12,11.35,,
1979-10-19,12.37,,
1979-10-26,11.91,,
1979-11-02,12.05,,
1979-11-09,12,,
1979-11-16,11.91,,
1979-11-23,11.34,,
1979-11-30,11.49,,
1979-12-07,11.93,,
1979-12-14,12.3,,
1979-12-21,12.08,,
1979-12-28,11.92,,
1980-01-04,12.1,,
1980-01-11,11.76,,
1980-01-18,12.07,,
1980-01-25,12.29,,
1980-02-01,12.17,,
1980-02-08,12.07,,
1980-02-15,12.8,,
1980-02-22,13.38,,
1980-02-29,14.01,,
1980-03-07,15.63,,
1980-03-14,15.25,,
1980-03-21,15.15,,
1980-03-28,14.75,,
1980-04-04,14.97,,
1980-04-11,13.99,,
1980-04-18,13.2,,
1980-04-25,11.81,,
1980-05-02,9.85,,
1980-05-09,8.81,,
1980-05-16,9.04,,
1980-05-23,7.54,,
1980-05-30,7.75,,
1980-06-06,7.29,,
1980-06-13,6.18,,
1980-06-20,6.74,,
1980-06-27,7.7,,
1980-07-04,7.81,,
1980-07-11,8.17,,
1980-07-18,7.96,,
1980-07-25,8.05,,
1980-08-01,8.7,,
1980-08-08,8.62,,
1980-08-15,8.54,,
1980-08-22,9.54,,
1980-08-29,9.96,,
1980-09-05,9.77,,
1980-09-12,10.22,,
1980-09-19,10.03,,
1980-09-26,10.82,,
1980-10-03,11.33,,
1980-10-10,11.25,,
1980-10-17,11.2,,
1980-10-24,11.74,,
1980-10-31,12.71,,
1980-11-07,13.04,,
1980-11-14,13.39,,
1980-11-21,14.32,,
1980-11-28,14.48,,
1980-12-05,15.84,,
1980-12-12,16.55,,
1980-12-19,14.93,,
1980-12-26,14.45,,
1981-01-02,14.65,,
1981-01-09,15.2,,
1981-01-16,15.15,,
1981-01-23,15.7,,
1981-01-30,14.59,,
1981-02-06,15.32,,
1981-02-13,15.51,,
1981-02-20,14.09,,
1981-02-27,14.22,,
1981-03-06,14.29,,
1981-03-13,13.21,,
1981-03-20,12.36,,
1981-03-27,13.08,,
1981-04-03,12.97,,
1981-04-10,13.59,,
1981-04-17,13.79,,
1981-04-24,14.05,,
1981-05-01,14.67,,
1981-05-08,16.48,,
1981-05-15,16.55,,
1981-05-22,16.68,,
1981-05-29,15.1,,
1981-06-05,15.83,,
1981-06-12,14.53,,
1981-06-19,14.87,,
1981-06-26,14.13,,
1981-07-03,14.48,,
1981-07-10,14.75,,
1981-07-17,14.43,,
1981-07-24,15.08,,
1981-07-31,14.87,,
1981-08-07,15.44,,
1981-08-14,15.5,,
1981-08-21,15.4,,
1981-08-28,15.38,,
1981-09-04,15.56,,
1981-09-11,14.52,,
1981-09-18,14.34,,
1981-09-25,14.3,,
1981-10-02,14.65,,
1981-10-09,13.33,,
1981-10-16,13.52,,
1981-10-23,13.24,,
1981-10-30,12.75,,
1981-11-06,11.68,,
1981-11-13,10.78,,
1981-11-20,10.11,,
1981-11-27,10.17,,
1981-12-04,9.94,,
1981-12-11,10.82,,
1981-12-18,10.87,,
1981-12-25,11.1,,
1982-01-01,11.08,,
1982-01-08,11.98,,
1982-01-15,12.74,,
1982-01-22,13.63,,
1982-01-29,13.08,,
1982-02-05,14.63,,
1982-02-12,15.06,,
1982-02-19,14.17,,
1982-02-26,13,,
1982-03-05,12.86,,
1982-03-12,13.4,,
1982-03-19,13.69,,
1982-03-26,13.69,,
1982-04-02,13.95,,
1982-04-09,13.74,,
1982-04-16,13.21,,
1982-04-23,12.99,,
1982-04-30,13.15,,
1982-05-07,13.02,,
1982-05-14,12.92,,
1982-05-21,11.99,,
1982-05-28,11.97,,
1982-06-04,12.78,,
1982-06-11,12.55,,
1982-06-18,13.31,,
1982-06-25,13.87,,
1982-07-02,13.36,,
1982-07-09,12.29,,
1982-07-16,11.68,,
1982-07-23,10.73,,
1982-07-30,10.57,,
1982-08-06,10.71,,
1982-08-13,9.6,,
1982-08-20,7.31,,
1982-08-27,8.1,,
1982-09-03,8.46,,
1982-09-10,8.66,,
1982-09-17,8.23,,
1982-09-24,7.85,,
1982-10-01,7.6,,
1982-10-08,8,,
1982-10-15,7.8,,
1982-10-22,7.88,,
1982-10-29,8.17,,
1982-11-05,8.04,,
1982-11-12,8.56,,
1982-11-19,8.38,,
1982-11-26,8.19,,
1982-12-03,8.1,,
1982-12-10,8.31,,
1982-12-17,8.13,,
1982-12-24,8.18,,
1982-12-31,8.2,,
1983-01-07,8.02,,
1983-01-14,7.79,,
1983-01-21,8.29,,
1983-01-28,8.26,,
1983-02-04,8.52,,
1983-02-11,8.42,,
1983-02-18,8.26,,
1983-02-25,8.08,,
1983-03-04,8.29,,
1983-03-11,8.56,,
1983-03-18,8.74,,
1983-03-25,9,,
1983-04-01,8.96,,
1983-04-08,8.63,,
1983-04-15,8.43,,
1983-04-22,8.44,,
1983-04-29,8.38,,
1983-05-06,8.26,,
1983-05-13,8.3,,
1983-05-20,8.48,,
1983-05-27,8.8,,
1983-06-03,8.87,,
1983-06-10,9.11,,
1983-06-17,9.01,,
1983-06-24,9.42,,
1983-07-01,9.05,,
1983-07-08,9.48,,
1983-07-15,9.59,,
1983-07-22,9.45,,
1983-07-29,9.59,,
1983-08-05,9.83,,
1983-08-12,9.9,,
1983-08-19,9.7,,
1983-08-26,9.54,,
1983-09-02,9.63,,
1983-09-09,9.54,,
1983-09-16,9.43,,
1983-09-23,9.22,,
1983-09-30,9.04,,
1983-10-07,8.94,,
1983-10-14,9.12,,
1983-10-21,8.87,,
1983-10-28,8.96,,
1983-11-04,9.14,,
1983-11-11,9.09,,
1983-11-18,9.2,,
1983-11-25,9.12,,
1983-12-02,9.28,,
1983-12-09,9.34,,
1983-12-16,9.47,,
1983-12-23,9.32,,
1983-12-30,9.33,,
1984-01-06,9.22,,
1984-01-13,9.08,,
1984-01-20,9.32,,
1984-01-27,9.28,,
1984-02-03,9.32,,
1984-02-10,9.43,,
1984-02-17,9.53,,
1984-02-24,9.54,,
1984-03-02,9.5,,
1984-03-09,9.77,,
1984-03-16,9.87,,
1984-03-23,10.15,,
1984-03-30,10.09,,
1984-04-06,10.05,,
1984-04-13,10.11,,
1984-04-20,10.1,,
1984-04-27,10.08,,
1984-05-04,10.25,,
1984-05-11,10.4,,
1984-05-18,10.19,,
1984-05-25,9.94,,
1984-06-01,10.18,,
1984-06-08,10.25,,
1984-06-15,10.27,,
1984-06-22,10.23,,
1984-06-29,10.31,,
1984-07-06,10.4,,
1984-07-13,10.36,,
1984-07-20,10.59,,
1984-07-27,10.7,,
1984-08-03,10.9,,
1984-08-10,10.86,,
1984-08-17,10.75,,
1984-08-24,10.91,,
1984-08-31,11.06,,
1984-09-07,10.99,,
1984-09-14,10.79,,
1984-09-21,10.67,,
1984-09-28,10.63,,
1984-10-05,10.55,,
1984-10-12,10.3,,
1984-10-19,9.93,,
1984-10-26,9.71,,
1984-11-02,9.34,,
1984-11-09,8.94,,
1984-11-16,8.9,,
1984-11-23,8.75,,
1984-11-30,8.74,,
1984-12-07,8.64,,
1984-12-14,8.39,,
1984-12-21,8.03,,
1984-12-28,8,,
1985-01-04,8.08,,
1985-01-11,8.02,,
1985-01-18,8,,
1985-01-25,7.89,,
1985-02-01,8.47,,
1985-02-08,8.51,,
1985-02-15,8.47,,
1985-02-22,8.68,,
1985-03-01,8.98,,
1985-03-08,8.89,,
1985-03-15,8.71,,
1985-03-22,8.82,,
1985-03-29,8.47,,
1985-04-05,8.41,,
1985-04-12,8.33,,
1985-04-19,8.06,,
1985-04-26,8.08,,
1985-05-03,7.99,,
1985-05-10,8,,
1985-05-17,7.64,,
1985-05-24,7.42,,
1985-05-31,7.38,,
1985-06-07,7.39,,
1985-06-14,6.91,,
1985-06-21,7.27,,
1985-06-28,7.05,,
1985-07-05,6.99,,
1985-07-12,7.32,,
1985-07-19,7.42,,
1985-07-26,7.43,,
1985-08-02,7.55,,
1985-08-09,7.4,,
1985-08-16,7.34,,
1985-08-23,7.27,,
1985-08-30,7.38,,
1985-09-06,7.5,,
1985-09-13,7.45,,
1985-09-20,7.24,,
1985-09-27,7.16,,
1985-10-04,7.22,,
1985-10-11,7.43,,
1985-10-18,7.44,,
1985-10-25,7.48,,
1985-11-01,7.44,,
1985-11-08,7.46,,
1985-11-15,7.59,,
1985-11-22,7.47,,
1985-11-29,7.39,,
1985-12-06,7.48,,
1985-12-13,7.2,,
1985-12-20,7.27,,
1985-12-27,7.18,,
1986-01-03,7.29,,
1986-01-10,7.44,,
1986-01-17,7.33,,
1986-01-24,7.19,,
1986-01-31,7.19,,
1986-02-07,7.44,,
1986-02-14,7.24,,
1986-02-21,7.2,,
1986-02-28,7.24,,
1986-03-07,6.81,,
1986-03-14,6.74,,
1986-03-21,6.61,,
1986-03-28,6.53,,
1986-04-04,6.41,,
1986-04-11,6.13,,
1986-04-18,6.04,,
1986-04-25,6.32,,
1986-05-02,6.33,,
1986-05-09,6.23,,
1986-05-16,6.4,,
1986-05-23,6.36,,
1986-05-30,6.49,,
1986-06-06,6.51,,
1986-06-13,6.36,,
1986-06-20,6.28,,
1986-06-27,6.2,,
1986-07-04,6.08,,
1986-07-11,5.92,,
1986-07-18,5.88,,
1986-07-25,5.98,,
1986-08-01,5.94,,
1986-08-08,5.86,,
1986-08-15,5.71,,
1986-08-22,5.51,,
1986-08-29,5.31,,
1986-09-05,5.37,,
1986-09-12,5.31,,
1986-09-19,5.4,,
1986-09-26,5.38,,
1986-10-03,5.23,,
1986-10-10,5.2,,
1986-10-17,5.42,,
1986-10-24,5.42,,
1986-10-31,5.34,,
1986-11-07,5.47,,
1986-11-14,5.55,,
1986-11-21,5.51,,
1986-11-28,5.54,,
1986-12-05,5.59,,
1986-12-12,5.64,,
1986-12-19,5.66,,
1986-12-26,5.72,,
1987-01-02,5.7,,
1987-01-09,5.53,,
1987-01-16,5.47,,
1987-01-23,5.55,,
1987-01-30,5.76,,
1987-02-06,5.82,,
1987-02-13,5.81,,
1987-02-20,5.58,,
1987-02-27,5.6,,
1987-03-06,5.82,,
1987-03-13,5.79,,
1987-03-20,5.69,,
1987-03-27,5.81,,
1987-04-03,5.67,,
1987-04-10,6.04,,
1987-04-17,5.73,,
1987-04-24,5.94,,
1987-05-01,5.78,,
1987-05-08,5.71,,
1987-05-15,6.15,,
1987-05-22,5.74,,
1987-05-29,5.87,,
1987-06-05,5.87,,
1987-06-12,5.73,,
1987-06-19,5.84,,
1987-06-26,5.97,,
1987-07-03,5.84,,
1987-07-10,5.76,,
1987-07-17,5.73,,
1987-07-24,5.96,,
1987-07-31,6.27,,
1987-08-07,6.04,,
1987-08-14,6.15,,
1987-08-21,6.3,,
1987-08-28,6.52,,
1987-09-04,6.59,,
1987-09-11,6.56,,
1987-09-18,6.63,,
1987-09-25,6.76,,
1987-10-02,6.89,,
1987-10-09,7,,
1987-10-16,7.19,,
1987-10-23,5.47,,
1987-10-30,5.45,,
1987-11-06,5.92,,
1987-11-13,6.11,,
1987-11-20,5.92,,
1987-11-27,5.82,,
1987-12-04,5.61,,
1987-12-11,6.05,,
1987-12-18,6.06,,
1987-12-25,5.92,,
1988-01-01,5.86,,
1988-01-08,6.06,,
1988-01-15,6.07,,
1988-01-22,6,,
1988-01-29,5.82,,
1988-02-05,5.81,,
1988-02-12,5.93,,
1988-02-19,5.86,,
1988-02-26,5.76,,
1988-03-04,5.88,,
1988-03-11,5.9,,
1988-03-18,5.82,,
1988-03-25,5.87,,
1988-04-01,5.87,,
1988-04-08,6.2,,
1988-04-15,6.05,,
1988-04-22,6,,
1988-04-29,6.16,,
1988-05-06,6.48,,
1988-05-13,6.37,,
1988-05-20,6.44,,
1988-05-27,6.65,,
1988-06-03,6.66,,
1988-06-10,6.65,,
1988-06-17,6.57,,
1988-06-24,6.72,,
1988-07-01,6.76,,
1988-07-08,6.88,,
1988-07-15,6.94,,
1988-07-22,6.96,,
1988-07-29,7.18,,
1988-08-05,7.15,,
1988-08-12,7.25,,
1988-08-19,7.3,,
1988-08-26,7.57,,
1988-09-02,7.45,,
1988-09-09,7.52,,
1988-09-16,7.38,,
1988-09-23,7.47,,
1988-09-30,7.49,,
1988-10-07,7.51,,
1988-10-14,7.56,,
1988-10-21,7.69,,
1988-10-28,7.62,,
1988-11-04,7.7,,
1988-11-11,7.9,,
1988-11-18,8.21,,
1988-11-25,8.31,,
1988-12-02,8.34,,
1988-12-09,8.14,,
1988-12-16,8.44,,
1988-12-23,8.32,,
1988-12-30,8.37,,
1989-01-06,8.58,,
1989-01-13,8.49,,
1989-01-20,8.52,,
1989-01-27,8.62,,
1989-02-03,8.78,,
1989-02-10,8.85,,
1989-02-17,8.78,,
1989-02-24,8.96,,
1989-03-03,8.94,,
1989-03-10,9.06,,
1989-03-17,9.18,,
1989-03-24,9.37,,
1989-03-31,9.23,,
1989-04-07,9.12,,
1989-04-14,8.92,,
1989-04-21,8.95,,
1989-04-28,8.71,,
1989-05-05,8.73,,
1989-05-12,8.5,,
1989-05-19,8.65,,
1989-05-26,8.82,,
1989-06-02,8.65,,
1989-06-09,8.5,,
1989-06-16,8.42,,
1989-06-23,8.33,,
1989-06-30,8.26,,
1989-07-07,7.98,,
1989-07-14,8.1,,
1989-07-21,8.39,,
1989-07-28,8.12,,
1989-08-04,8.13,,
1989-08-11,8.22,,
1989-08-18,8.13,,
1989-08-25,8.23,,
1989-09-01,8.12,,
1989-09-08,8.04,,
1989-09-15,7.78,,
1989-09-22,8.02,,
1989-09-29,8.18,,
1989-10-06,7.83,,
1989-10-13,7.87,,
1989-10-20,7.8,,
1989-10-27,8.02,,
1989-11-03,8.1,,
1989-11-10,7.97,,
1989-11-17,7.93,,
1989-11-24,7.76,,
1989-12-01,7.78,,
1989-12-08,7.86,,
1989-12-15,7.87,,
1989-12-22,7.84,,
1989-12-29,7.8,,
1990-01-05,7.79,,
1990-01-12,7.74,,
1990-01-19,8,,
1990-01-26,7.93,,
1990-02-02,8.07,,
1990-02-09,8.02,,
1990-02-16,7.94,,
1990-02-23,7.93,,
1990-03-02,8.02,,
1990-03-09,8.26,,
1990-03-16,8.19,,
1990-03-23,8.15,,
1990-03-30,8.07,,
1990-04-06,8.02,,
1990-04-13,8.02,,
1990-04-20,7.95,,
1990-04-27,8.05,,
1990-05-04,8.02,,
1990-05-11,7.88,,
1990-05-18,8.01,,
1990-05-25,8.01,,
1990-06-01,7.94,,
1990-06-08,7.96,,
1990-06-15,7.95,,
1990-06-22,8.04,,
1990-06-29,8,,
1990-07-06,8.01,,
1990-07-13,7.85,,
1990-07-20,7.79,,
1990-07-27,7.77,,
1990-08-03,7.52,,
1990-08-10,7.64,,
1990-08-17,7.72,,
1990-08-24,7.74,,
1990-08-31,7.63,,
1990-09-07,7.63,,
1990-09-14,7.59,,
1990-09-21,7.6,,
1990-09-28,7.37,,
1990-10-05,7.27,,
1990-10-12,7.37,,
1990-10-19,7.48,,
1990-10-26,7.36,,
1990-11-02,7.31,,
1990-11-09,7.27,,
1990-11-16,7.31,,
1990-11-23,7.25,,
1990-11-30,7.24,,
1990-12-07,7.1,,
1990-12-14,7.06,,
1990-12-21,6.79,,
1990-12-28,6.64,,
1991-01-04,6.73,,
1991-01-11,6.34,,
1991-01-18,6.24,,
1991-01-25,6.35,,
1991-02-01,6.17,,
1991-02-08,6.09,,
1991-02-15,6.08,,
1991-02-22,6.12,,
1991-03-01,6.27,,
1991-03-08,6.16,,
1991-03-15,5.98,,
1991-03-22,6.06,,
1991-03-29,5.92,,
1991-04-05,5.89,,
1991-04-12,5.68,,
1991-04-19,5.93,,
1991-04-26,5.79,,
1991-05-03,5.64,,
1991-05-10,5.65,,
1991-05-17,5.57,,
1991-05-24,5.57,,
1991-05-31,5.71,,
1991-06-07,5.74,,
1991-06-14,5.77,,
1991-06-21,5.75,,
1991-06-28,5.71,,
1991-07-05,5.76,,
1991-07-12,5.72,,
1991-07-19,5.76,,
1991-07-26,5.76,,
1991-08-02,5.63,,
1991-08-09,5.48,,
1991-08-16,5.42,,
1991-08-23,5.56,,
1991-08-30,5.49,,
1991-09-06,5.45,,
1991-09-13,5.31,,
1991-09-20,5.35,,
1991-09-27,5.28,,
1991-10-04,5.17,,
1991-10-11,5.14,,
1991-10-18,5.18,,
1991-10-25,5.11,,
1991-11-01,4.89,,
1991-11-08,4.75,,
1991-11-15,4.72,,
1991-11-22,4.55,,
1991-11-29,4.47,,
1991-12-06,4.36,,
1991-12-13,4.26,,
1991-12-20,3.84,,
1991-12-27,3.96,,
1992-01-03,3.95,,
1992-01-10,3.92,,
1992-01-17,3.89,,
1992-01-24,3.91,,
1992-01-31,3.94,,
1992-02-07,3.84,,
1992-02-14,3.89,,
1992-02-21,4.03,,
1992-02-28,4.03,,
1992-03-06,4.14,,
1992-03-13,4.16,,
1992-03-20,4.16,,
1992-03-27,4.11,,
1992-04-03,4.06,,
1992-04-10,3.74,,
1992-04-17,3.73,,
1992-04-24,3.76,,
1992-05-01,3.72,,
1992-05-08,3.72,,
1992-05-15,3.66,,
1992-05-22,3.77,,
1992-05-29,3.79,,
1992-06-05,3.77,,
1992-06-12,3.75,,
1992-06-19,3.74,,
1992-06-26,3.71,,
1992-07-03,3.31,,
1992-07-10,3.29,,
1992-07-17,3.23,,
1992-07-24,3.23,,
1992-07-31,3.25,,
1992-08-07,3.21,,
1992-08-14,3.13,,
1992-08-21,3.14,,
1992-08-28,3.23,,
1992-09-04,2.98,,
1992-09-11,2.98,,
1992-09-18,2.94,,
1992-09-25,2.86,,
1992-10-02,2.69,,
1992-10-09,2.89,,
1992-10-16,2.97,,
1992-10-23,3,,
1992-10-30,3.03,,
1992-11-06,3.13,,
1992-11-13,3.15,,
1992-11-20,3.28,,
1992-11-27,3.33,,
1992-12-04,3.32,,
1992-12-11,3.32,,
1992-12-18,3.23,,
1992-12-25,3.23,,
1993-01-01,3.15,,
1993-01-08,3.13,,
1993-01-15,3,,
1993-01-22,3.03,,
1993-01-29,2.96,,
1993-02-05,2.96,,
1993-02-12,2.99,,
1993-02-19,2.99,,
1993-02-26,3.01,,
1993-03-05,3.07,,
1993-03-12,3.04,,
1993-03-19,3.03,,
1993-03-26,3,,
1993-04-02,2.97,,
1993-04-09,2.96,,
1993-04-16,2.9,,
1993-04-23,2.9,,
1993-04-30,2.97,,
1993-05-07,2.93,,
1993-05-14,3.03,,
1993-05-21,3.07,,
1993-05-28,3.13,,
1993-06-04,3.18,,
1993-06-11,3.12,,
1993-06-18,3.13,,
1993-06-25,3.15,,
1993-07-02,3.02,,
1993-07-09,3.09,,
1993-07-16,3.08,,
1993-07-23,3.16,,
1993-07-30,3.1,,
1993-08-06,3.11,,
1993-08-13,3.09,,
1993-08-20,3.06,,
1993-08-27,3.09,,
1993-09-03,3,,
1993-09-10,3.02,,
1993-09-17,3.01,,
1993-09-24,2.99,,
1993-10-01,2.98,,
1993-10-08,3.05,,
1993-10-15,3.08,,
1993-10-22,3.11,,
1993-10-29,3.1,,
1993-11-05,3.13,,
1993-11-12,3.18,,
1993-11-19,3.2,,
1993-11-26,3.18,,
1993-12-03,3.18,,
1993-12-10,3.12,,
1993-12-17,3.09,,
1993-12-24,3.13,,
1993-12-31,3.07,,
1994-01-07,3.07,,
1994-01-14,3.03,,
1994-01-21,3.01,,
1994-01-28,2.99,,
1994-02-04,3.3,,
1994-02-11,3.33,,
1994-02-18,3.36,,
1994-02-25,3.44,,
1994-03-04,3.62,,
1994-03-11,3.58,,
1994-03-18,3.57,,
1994-03-25,3.57,,
1994-04-01,3.56,,
1994-04-08,3.65,,
1994-04-15,3.68,,
1994-04-22,3.84,,
1994-04-29,3.97,,
1994-05-06,4.3,,
1994-05-13,4.24,,
1994-05-20,4.26,,
1994-05-27,4.3,,
1994-06-03,4.23,,
1994-06-10,4.22,,
1994-06-17,4.23,,
1994-06-24,4.28,,
1994-07-01,4.32,,
1994-07-08,4.49,,
1994-07-15,4.38,,
1994-07-22,4.5,,
1994-07-29,4.39,,
1994-08-05,4.59,,
1994-08-12,4.51,,
1994-08-19,4.69,,
1994-08-26,4.68,,
1994-09-02,4.67,,
1994-09-09,4.7,,
1994-09-16,4.73,,
1994-09-23,4.91,,
1994-09-30,4.8,,
1994-10-07,5.02,,
1994-10-14,5,,
1994-10-21,5.15,,
1994-10-28,5.16,,
1994-11-04,5.33,,
1994-11-11,5.38,,
1994-11-18,5.5,,
1994-11-25,5.45,,
1994-12-02,5.79,,
1994-12-09,5.82,,
1994-12-16,5.71,,
1994-12-23,5.68,,
1994-12-30,5.68,,
1995-01-06,5.9,,
1995-01-13,5.72,,
1995-01-20,5.91,,
1995-01-27,5.92,,
1995-02-03,5.96,,
1995-02-10,5.97,,
1995-02-17,5.86,,
1995-02-24,5.88,,
1995-03-03,5.91,,
1995-03-10,5.96,,
1995-03-17,5.92,,
1995-03-24,5.85,,
1995-03-31,5.88,,
1995-04-07,5.86,,
1995-04-14,5.75,,
1995-04-21,5.79,,
1995-04-28,5.87,,
1995-05-05,5.74,,
1995-05-12,5.87,,
1995-05-19,5.87,,
1995-05-26,5.84,,
1995-06-02,5.58,,
1995-06-09,5.77,,
1995-06-16,5.66,,
1995-06-23,5.54,,
1995-06-30,5.6,,
1995-07-07,5.54,,
1995-07-14,5.59,,
1995-07-21,5.61,,
1995-07-28,5.58,,
1995-08-04,5.58,,
1995-08-11,5.59,,
1995-08-18,5.61,,
1995-08-25,5.5,,
1995-09-01,5.45,,
1995-09-08,5.52,,
1995-09-15,5.46,,
1995-09-22,5.35,,
1995-09-29,5.4,,
1995-10-06,5.47,,
1995-10-13,5.45,,
1995-10-20,5.43,,
1995-10-27,5.41,,
1995-11-03,5.47,,
1995-11-10,5.58,,
1995-11-17,5.51,,
1995-11-24,5.48,,
1995-12-01,5.45,,
1995-12-08,5.5,,
1995-12-15,5.35,,
1995-12-22,5.04,,
1995-12-29,5.1,,
1996-01-05,5.19,,
1996-01-12,5.18,,
1996-01-19,5.1,,
1996-01-26,5.11,,
1996-02-02,4.99,,
1996-02-09,4.93,,
1996-02-16,4.89,,
1996-02-23,4.97,,
1996-03-01,4.98,,
1996-03-08,5.01,,
1996-03-15,5.14,,
1996-03-22,5.1,,
1996-03-29,5.13,,
1996-04-05,5.15,,
1996-04-12,5.07,,
1996-04-19,5.01,,
1996-04-26,5.11,,
1996-05-03,5.14,,
1996-05-10,5.13,,
1996-05-17,5.15,,
1996-05-24,5.18,,
1996-05-31,5.18,,
1996-06-07,5.26,,
1996-06-14,5.21,,
1996-06-21,5.26,,
1996-06-28,5.18,,
1996-07-05,5.31,,
1996-07-12,5.28,,
1996-07-19,5.28,,
1996-07-26,5.29,,
1996-08-02,5.21,,
1996-08-09,5.15,,
1996-08-16,5.18,,
1996-08-23,5.15,,
1996-08-30,5.29,,
1996-09-06,5.33,,
1996-09-13,5.21,,
1996-09-20,5.29,,
1996-09-27,5.04,,
1996-10-04,5.01,,
1996-10-11,5.13,,
1996-10-18,5.12,,
1996-10-25,5.14,,
1996-11-01,5.17,,
1996-11-08,5.18,,
1996-11-15,5.16,,
1996-11-22,5.18,,
1996-11-29,5.13,,
1996-12-06,5.03,,
1996-12-13,4.92,,
1996-12-20,5.02,,
1996-12-27,5.11,,
1997-01-03,5.17,,
1997-01-10,5.17,,
1997-01-17,5.14,,
1997-01-24,5.16,,
1997-01-31,5.15,,
1997-02-07,5.14,,
1997-02-14,5.1,,
1997-02-21,5.09,,
1997-02-28,5.22,,
1997-03-07,5.22,,
1997-03-14,5.24,,
1997-03-21,5.41,,
1997-03-28,5.37,,
1997-04-04,5.29,,
1997-04-11,5.31,,
1997-04-18,5.29,,
1997-04-25,5.31,,
1997-05-02,5.24,,
1997-05-09,5.19,,
1997-05-16,5.2,,
1997-05-23,5.18,,
1997-05-30,4.96,,
1997-06-06,5.07,,
1997-06-13,5,,
1997-06-20,5.08,,
1997-06-27,5.15,,
1997-07-04,5.14,,
1997-07-11,5.14,,
1997-07-18,5.24,,
1997-07-25,5.24,,
1997-08-01,5.28,,
1997-08-08,5.29,,
1997-08-15,5.29,,
1997-08-22,5.25,,
1997-08-29,5.24,,
1997-09-05,5.17,,
1997-09-12,5.1,,
1997-09-19,5.06,,
1997-09-26,4.99,,
1997-10-03,5.03,,
1997-10-10,5.14,,
1997-10-17,5.06,,
1997-10-24,5.15,,
1997-10-31,5.21,,
1997-11-07,5.31,,
1997-11-14,5.27,,
1997-11-21,5.25,,
1997-11-28,5.22,,
1997-12-05,5.3,,
1997-12-12,5.18,,
1997-12-19,5.33,,
1997-12-26,5.35,,
1998-01-02,5.32,,
1998-01-09,5.05,,
1998-01-16,5.15,,
1998-01-23,5.17,,
1998-01-30,5.19,,
1998-02-06,5.17,,
1998-02-13,5.22,,
1998-02-20,5.21,,
1998-02-27,5.32,,
1998-03-06,5.15,,
1998-03-13,5.09,,
1998-03-20,5.19,,
1998-03-27,5.21,,
1998-04-03,5.08,,
1998-04-10,5.07,,
1998-04-17,5.05,,
1998-04-24,5.08,,
1998-05-01,5.02,,
1998-05-08,5.14,,
1998-05-15,5.18,,
1998-05-22,5.22,,
1998-05-29,5.03,,
1998-06-05,5.12,,
1998-06-12,5.13,,
1998-06-19,5.17,,
1998-06-26,5.01,,
1998-07-03,5.07,,
1998-07-10,5.06,,
1998-07-17,5.14,,
1998-07-24,5.08,,
1998-07-31,5.1,,
1998-08-07,4.99,,
1998-08-14,5.03,,
1998-08-21,5.01,,
1998-08-28,4.91,,
1998-09-04,4.86,,
1998-09-11,4.87,,
1998-09-18,4.63,,
1998-09-25,4.52,,
1998-10-02,4.22,,
1998-10-09,3.88,,
1998-10-16,3.65,,
1998-10-23,3.97,,
1998-10-30,4.33,,
1998-11-06,4.64,,
1998-11-13,4.47,,
1998-11-20,4.46,,
1998-11-27,4.55,,
1998-12-04,4.48,,
1998-12-11,4.5,,
1998-12-18,4.49,,
1998-12-25,4.57,,
1999-01-01,4.48,,
1999-01-08,4.48,,
1999-01-15,4.44,,
1999-01-22,4.36,,
1999-01-29,4.48,,
1999-02-05,4.5,,
1999-02-12,4.54,,
1999-02-19,4.56,,
1999-02-26,4.66,,
1999-03-05,4.63,,
1999-03-12,4.6,,
1999-03-19,4.51,,
1999-03-26,4.51,,
1999-04-02,4.43,,
1999-04-09,4.42,,
1999-04-16,4.34,,
1999-04-23,4.43,,
1999-04-30,4.55,,
1999-05-07,4.62,,
1999-05-14,4.64,,
1999-05-21,4.61,,
1999-05-28,4.66,,
1999-06-04,4.57,,
1999-06-11,4.74,,
1999-06-18,4.69,,
1999-06-25,4.8,,
1999-07-02,4.69,,
1999-07-09,4.69,,
1999-07-16,4.68,,
1999-07-23,4.65,,
1999-07-30,4.75,,
1999-08-06,4.8,,
1999-08-13,4.74,,
1999-08-20,4.84,,
1999-08-27,4.98,,
1999-09-03,4.92,,
1999-09-10,4.76,,
1999-09-17,4.67,,
1999-09-24,4.78,,
1999-10-01,4.98,,
1999-10-08,4.82,,
1999-10-15,5.04,,
1999-10-22,5.07,,
1999-10-29,5.12,,
1999-11-05,5.14,,
1999-11-12,5.23,,
1999-11-19,5.23,,
1999-11-26,5.3,,
1999-12-03,5.25,,
1999-12-10,5.3,,
1999-12-17,5.44,,
1999-12-24,5.47,,
1999-12-31,5.33,,
2000-01-07,5.38,,
2000-01-14,5.41,,
2000-01-21,5.47,,
2000-01-28,5.65,,
2000-02-04,5.67,,
2000-02-11,5.66,,
2000-02-18,5.75,,
2000-02-25,5.79,,
2000-03-03,5.79,,
2000-03-10,5.87,,
2000-03-17,5.89,,
2000-03-24,5.91,,
2000-03-31,5.88,,
2000-04-07,5.9,,
2000-04-14,5.81,,
2000-04-21,5.79,,
2000-04-28,5.82,,
2000-05-05,5.97,,
2000-05-12,6.14,,
2000-05-19,5.89,,
2000-05-26,5.83,,
2000-06-02,5.87,,
2000-06-09,5.92,,
2000-06-16,5.83,,
2000-06-23,5.86,,
2000-06-30,5.88,,
2000-07-07,6.04,,
2000-07-14,6.17,,
2000-07-21,6.13,,
2000-07-28,6.2,,
2000-08-04,6.23,,
2000-08-11,6.29,,
2000-08-18,6.27,,
2000-08-25,6.31,,
2000-09-01,6.27,,
2000-09-08,6.14,,
2000-09-15,6.14,,
2000-09-22,6.16,,
2000-09-29,6.23,,
2000-10-06,6.24,,
2000-10-13,6.19,,
2000-10-20,6.31,,
2000-10-27,6.35,,
2000-11-03,6.38,,
2000-11-10,6.37,,
2000-11-17,6.35,,
2000-11-24,6.36,,
2000-12-01,6.23,,
2000-12-08,6.09,,
2000-12-15,6.02,,
2000-12-22,5.27,,
2000-12-29,5.89,,
2001-01-05,5.12,,
2001-01-12,5.33,,
2001-01-19,5.24,,
2001-01-26,5.17,,
2001-02-02,5.06,,
2001-02-09,5.06,,
2001-02-16,5.02,,
2001-02-23,4.89,,
2001-03-02,4.84,,
2001-03-09,4.72,,
2001-03-16,4.54,,
2001-03-23,4.29,,
2001-03-30,4.3,,
2001-04-06,3.94,,
2001-04-13,4.01,,
2001-04-20,3.77,,
2001-04-27,3.85,,
2001-05-04,3.74,,
2001-05-11,3.78,,
2001-05-18,3.61,,
2001-05-25,3.66,,
2001-06-01,3.67,,
2001-06-08,3.64,,
2001-06-15,3.52,,
2001-06-22,3.45,,
2001-06-29,3.65,,
2001-07-06,3.63,,
2001-07-13,3.62,,
2001-07-20,3.53,,
2001-07-27,3.55,,
2001-08-03,3.52,,
2001-08-10,3.43,,
2001-08-17,3.36,,
2001-08-24,3.42,,
2001-08-31,3.37,,
2001-09-07,3.27,,
2001-09-14,2.64,,
2001-09-21,2.25,,
2001-09-28,2.4,,
2001-10-05,2.19,,
2001-10-12,2.25,,
2001-10-19,2.19,,
2001-10-26,2.14,,
2001-11-02,2.01,,
2001-11-09,1.83,,
2001-11-16,1.95,,
2001-11-23,1.95,,
2001-11-30,1.78,,
2001-12-07,1.69,,
2001-12-14,1.73,,
2001-12-21,1.71,,
2001-12-28,1.72,,
2002-01-04,1.72,,
2002-01-11,1.58,,
2002-01-18,1.62,,
2002-01-25,1.72,,
2002-02-01,1.76,,
2002-02-08,1.73,,
2002-02-15,1.74,,
2002-02-22,1.76,,
2002-03-01,1.77,,
2002-03-08,1.81,,
2002-03-15,1.86,,
2002-03-22,1.84,,
2002-03-29,1.79,,
2002-04-05,1.76,,
2002-04-12,1.71,,
2002-04-19,1.73,,
2002-04-26,1.75,,
2002-05-03,1.76,,
2002-05-10,1.77,,
2002-05-17,1.76,,
2002-05-24,1.74,,
2002-05-31,1.74,,
2002-06-07,1.74,,
2002-06-14,1.71,,
2002-06-21,1.72,,
2002-06-28,1.7,,
2002-07-05,1.72,,
2002-07-12,1.71,,
2002-07-19,1.71,,
2002-07-26,1.69,,
2002-08-02,1.63,,
2002-08-09,1.62,,
2002-08-16,1.62,,
2002-08-23,1.65,,
2002-08-30,1.69,,
2002-09-06,1.66,,
2002-09-13,1.69,,
2002-09-20,1.65,,
2002-09-27,1.63,,
2002-10-04,1.61,,
2002-10-11,1.58,,
2002-10-18,1.67,,
2002-10-25,1.64,,
2002-11-01,1.43,,
2002-11-08,1.22,,
2002-11-15,1.22,,
2002-11-22,1.23,,
2002-11-29,1.22,,
2002-12-06,1.21,,
2002-12-13,1.21,,
2002-12-20,1.21,,
2002-12-27,1.16,,
2003-01-03,1.22,,
2003-01-10,1.2,,
2003-01-17,1.18,,
2003-01-24,1.16,,
2003-01-31,1.18,,
2003-02-07,1.17,,
2003-02-14,1.18,,
2003-02-21,1.19,,
2003-02-28,1.2,,
2003-03-07,1.12,,
2003-03-14,1.13,,
2003-03-21,1.18,,
2003-03-28,1.14,,
2003-04-04,1.11,,
2003-04-11,1.17,,
2003-04-18,1.18,,
2003-04-25,1.14,,
2003-05-02,1.12,,
2003-05-09,1.11,,
2003-05-16,1.05,,
2003-05-23,1.08,,
2003-05-30,1.11,,
2003-06-06,1.05,,
2003-06-13,0.86,,
2003-06-20,0.83,,
2003-06-27,0.87,,
2003-07-04,0.87,,
2003-07-11,0.89,,
2003-07-18,0.91,,
2003-07-25,0.93,,
2003-08-01,0.95,,
2003-08-08,0.96,,
2003-08-15,0.95,,
2003-08-22,0.98,,
2003-08-29,0.98,,
2003-09-05,0.96,,
2003-09-12,0.96,,
2003-09-19,0.95,,
2003-09-26,0.94,,
2003-10-03,0.94,,
2003-10-10,0.92,,
2003-10-17,0.93,,
2003-10-24,0.95,,
2003-10-31,0.96,,
2003-11-07,0.96,,
2003-11-14,0.95,,
2003-11-21,0.94,,
2003-11-28,0.93,,
2003-12-05,0.92,,
2003-12-12,0.91,,
2003-12-19,0.88,,
2003-12-26,0.87,,
2004-01-02,0.93,,
2004-01-09,0.87,,
2004-01-16,0.89,,
2004-01-23,0.9,,
2004-01-30,0.92,,
2004-02-06,0.93,,
2004-02-13,0.92,,
2004-02-20,0.94,,
2004-02-27,0.96,,
2004-03-05,0.94,,
2004-03-12,0.96,,
2004-03-19,0.94,,
2004-03-26,0.95,,
2004-04-02,0.95,,
2004-04-09,0.93,,
2004-04-16,0.94,,
2004-04-23,0.98,,
2004-04-30,0.98,,
2004-05-07,1.07,,
2004-05-14,0.99,,
2004-05-21,1.03,,
2004-05-28,1.08,,
2004-06-04,1.21,,
2004-06-11,1.3,,
2004-06-18,1.29,,
2004-06-25,1.31,,
2004-07-02,1.3,,
2004-07-09,1.28,,
2004-07-16,1.35,,
2004-07-23,1.38,,
2004-07-30,1.45,,
2004-08-06,1.44,,
2004-08-13,1.44,,
2004-08-20,1.49,,
2004-08-27,1.56,,
2004-09-03,1.65,,
2004-09-10,1.66,,
2004-09-17,1.71,,
2004-09-24,1.73,,
2004-10-01,1.71,,
2004-10-08,1.71,,
2004-10-15,1.76,,
2004-10-22,1.85,,
2004-10-29,1.91,,
2004-11-05,2.03,,
2004-11-12,2.08,,
2004-11-19,2.15,,
2004-11-26,2.21,,
2004-12-03,2.21,,
2004-12-10,2.25,,
2004-12-17,2.2,,
2004-12-24,2.19,,
2004-12-31,2.22,,
2005-01-07,2.32,,
2005-01-14,2.37,,
2005-01-21,2.36,,
2005-01-28,2.46,,
2005-02-04,2.47,,
2005-02-11,2.55,,
2005-02-18,2.61,,
2005-02-25,2.74,,
2005-03-04,2.76,,
2005-03-11,2.76,,
2005-03-18,2.81,,
2005-03-25,2.84,,
2005-04-01,2.8,,
2005-04-08,2.79,,
2005-04-15,2.79,,
2005-04-22,2.93,,
2005-04-29,2.9,,
2005-05-06,2.87,,
2005-05-13,2.83,,
2005-05-20,2.9,,
2005-05-27,2.97,,
2005-06-03,3.01,,
2005-06-10,3.01,,
2005-06-17,2.99,,
2005-06-24,3.09,,
2005-07-01,3.17,,
2005-07-08,3.17,,
2005-07-15,3.26,,
2005-07-22,3.38,,
2005-07-29,3.42,,
2005-08-05,3.52,,
2005-08-12,3.52,,
2005-08-19,3.52,,
2005-08-26,3.55,,
2005-09-02,3.46,,
2005-09-09,3.49,,
2005-09-16,3.5,,
2005-09-23,3.48,,
2005-09-30,3.55,,
2005-10-07,3.63,,
2005-10-14,3.78,,
2005-10-21,3.87,,
2005-10-28,3.93,,
2005-11-04,3.98,,
2005-11-11,3.97,,
2005-11-18,4.01,,
2005-11-25,3.95,,
2005-12-02,3.99,,
2005-12-09,3.94,,
2005-12-16,3.93,,
2005-12-23,3.99,,
2005-12-30,4.08,,
2006-01-06,4.22,,
2006-01-13,4.33,,
2006-01-20,4.35,,
2006-01-27,4.45,,
2006-02-03,4.48,,
2006-02-10,4.53,,
2006-02-17,4.54,,
2006-02-24,4.6,,
2006-03-03,4.62,,
2006-03-10,4.62,,
2006-03-17,4.64,,
2006-03-24,4.65,,
2006-03-31,4.63,,
2006-04-07,4.69,,
2006-04-14,4.7,,
2006-04-21,4.75,,
2006-04-28,4.77,,
2006-05-05,4.83,,
2006-05-12,4.85,,
2006-05-19,4.82,,
2006-05-26,4.84,,
2006-06-02,4.81,,
2006-06-09,4.88,,
2006-06-16,4.88,,
2006-06-23,4.98,,
2006-06-30,5.01,,
2006-07-07,5.02,,
2006-07-14,5.06,,
2006-07-21,5.1,,
2006-07-28,5.07,,
2006-08-04,5.09,,
2006-08-11,5.07,,
2006-08-18,5.1,,
2006-08-25,5.11,,
2006-09-01,5.02,,
2006-09-08,4.93,,
2006-09-15,4.96,,
2006-09-22,4.93,,
2006-09-29,4.89,,
2006-10-06,4.95,,
2006-10-13,5.05,,
2006-10-20,5.09,,
2006-10-27,5.11,,
2006-11-03,5.09,,
2006-11-10,5.1,,
2006-11-17,5.09,,
2006-11-24,5.04,,
2006-12-01,5.03,,
2006-12-08,4.97,,
2006-12-15,4.91,,
2006-12-22,4.99,,
2006-12-29,5.02,,
2007-01-05,5.05,,
2007-01-12,5.09,,
2007-01-19,5.14,,
2007-01-26,5.13,,
2007-02-02,5.14,,
2007-02-09,5.15,,
2007-02-16,5.17,,
2007-02-23,5.18,,
2007-03-02,5.12,,
2007-03-09,5.1,,
2007-03-16,5.04,,
2007-03-23,5.08,,
2007-03-30,5.04,,
2007-04-06,5.05,,
2007-04-13,5.02,,
2007-04-20,4.99,,
2007-04-27,4.95,,
2007-05-04,4.9,,
2007-05-11,4.87,,
2007-05-18,4.84,,
2007-05-25,4.88,,
2007-06-01,4.79,,
2007-06-08,4.77,,
2007-06-15,4.56,,
2007-06-22,4.73,,
2007-06-29,4.82,,
2007-07-06,4.95,,
2007-07-13,4.97,,
2007-07-20,4.97,,
2007-07-27,4.85,,
2007-08-03,4.85,,
2007-08-10,4.57,,
2007-08-17,3.76,,
2007-08-24,4.24,,
2007-08-31,4.01,,
2007-09-07,4.07,,
2007-09-14,4.01,,
2007-09-21,3.74,,
2007-09-28,3.82,,
2007-10-05,4,,
2007-10-12,4.2,,
2007-10-19,3.86,,
2007-10-26,3.96,,
2007-11-02,3.61,,
2007-11-09,3.27,,
2007-11-16,3.4,,
2007-11-23,3.23,,
2007-11-30,3.15,,
2007-12-07,3.12,,
2007-12-14,2.88,,
2007-12-21,3,,
2007-12-28,3.18,,
2008-01-04,3.2,,
2008-01-11,3.09,,
2008-01-18,2.86,,
2008-01-25,2.3,,
2008-02-01,2.1,,
2008-02-08,2.23,,
2008-02-15,2.21,,
2008-02-22,2.2,,
2008-02-29,1.85,,
2008-03-07,1.45,,
2008-03-14,1.18,,
2008-03-21,0.63,,
2008-03-28,1.33,,
2008-04-04,1.35,,
2008-04-11,1.19,,
2008-04-18,1.35,,
2008-04-25,1.34,,
2008-05-02,1.5,,
2008-05-09,1.69,,
2008-05-16,1.84,,
2008-05-23,1.86,,
2008-05-30,1.89,,
2008-06-06,1.85,,
2008-06-13,1.99,,
2008-06-20,1.87,,
2008-06-27,1.68,,
2008-07-04,1.84,,
2008-07-11,1.62,,
2008-07-18,1.48,,
2008-07-25,1.75,,
2008-08-01,1.66,,
2008-08-08,1.7,,
2008-08-15,1.85,,
2008-08-22,1.7,,
2008-08-29,1.72,,
2008-09-05,1.68,,
2008-09-12,1.49,,
2008-09-19,0.99,,
2008-09-26,0.87,,
2008-10-03,0.51,,
2008-10-10,0.25,,
2008-10-17,0.83,,
2008-10-24,0.89,,
2008-10-31,0.46,,
2008-11-07,0.31,,
2008-11-14,0.15,,
2008-11-21,0.02,,
2008-11-28,0.01,,
2008-12-05,0.02,,
2008-12-12,0.02,,
2008-12-19,0.02,,
2008-12-26,0.03,,
2009-01-02,0.08,,
2009-01-09,0.07,,
2009-01-16,0.12,,
2009-01-23,0.11,,
2009-01-30,0.24,,
2009-02-06,0.28,,
2009-02-13,0.29,,
2009-02-20,0.27,,
2009-02-27,0.26,,
2009-03-06,0.21,,
2009-03-13,0.2,,
2009-03-20,0.22,,
2009-03-27,0.14,,
2009-04-03,0.21,,
2009-04-10,0.18,,
2009-04-17,0.14,,
2009-04-24,0.1,,
2009-05-01,0.16,,
2009-05-08,0.19,,
2009-05-15,0.17,,
2009-05-22,0.18,,
2009-05-29,0.14,,
2009-06-05,0.2,,
2009-06-12,0.19,,
2009-06-19,0.19,,
2009-06-26,0.2,,
2009-07-03,0.17,,
2009-07-10,0.18,,
2009-07-17,0.17,,
2009-07-24,0.18,,
2009-07-31,0.18,,
2009-08-07,0.19,,
2009-08-14,0.18,,
2009-08-21,0.17,,
2009-08-28,0.15,,
2009-09-04,0.14,,
2009-09-11,0.14,,
2009-09-18,0.08,,
2009-09-25,0.1,,
2009-10-02,0.1,,
2009-10-09,0.07,,
2009-10-16,0.07,,
2009-10-23,0.07,,
2009-10-30,0.05,,
2009-11-06,0.06,,
2009-11-13,0.06,,
2009-11-20,0.02,,
2009-11-27,0.03,,
2009-12-04,0.06,,
2009-12-11,0.03,,
2009-12-18,0.05,,
2009-12-25,0.05,,
2010-01-01,0.06,,
2010-01-08,0.05,,
2010-01-15,0.06,,
2010-01-22,0.06,,
2010-01-29,0.08,,
2010-02-05,0.1,,
2010-02-12,0.1,,
2010-02-19,0.11,,
2010-02-26,0.13,,
2010-03-05,0.15,,
2010-03-12,0.15,,
2010-03-19,0.16,,
2010-03-26,0.14,,
2010-04-02,0.16,,
2010-04-09,0.16,,
2010-04-16,0.16,,
2010-04-23,0.16,,
2010-04-30,0.16,,
2010-05-07,0.13,,
2010-05-14,0.16,,
2010-05-21,0.17,,
2010-05-28,0.16,,
2010-06-04,0.14,,
2010-06-11,0.08,,
2010-06-18,0.11,,
2010-06-25,0.13,,
2010-07-02,0.17,,
2010-07-09,0.16,,
2010-07-16,0.15,,
2010-07-23,0.16,,
2010-07-30,0.15,,
2010-08-06,0.15,,
2010-08-13,0.15,,
2010-08-20,0.15,,
2010-08-27,0.15,,
2010-09-03,0.14,,
2010-09-10,0.14,,
2010-09-17,0.16,,
2010-09-24,0.15,,
2010-10-01,0.16,,
2010-10-08,0.12,,
2010-10-15,0.14,,
2010-10-22,0.13,,
2010-10-29,0.12,,
2010-11-05,0.13,,
2010-11-12,0.13,,
2010-11-19,0.14,,
2010-11-26,0.16,,
2010-12-03,0.14,,
2010-12-10,0.13,,
2010-12-17,0.11,,
2010-12-24,0.14,,
2010-12-31,0.12,,
2011-01-07,0.14,,
2011-01-14,0.15,,
2011-01-21,0.16,,
2011-01-28,0.15,,
2011-02-04,0.15,,
2011-02-11,0.12,,
2011-02-18,0.1,,
2011-02-25,0.13,,
2011-03-04,0.12,,
2011-03-11,0.08,,
2011-03-18,0.07,,
2011-03-25,0.09,,
2011-04-01,0.07,,
2011-04-08,0.04,,
2011-04-15,0.07,,
2011-04-22,0.06,,
2011-04-29,0.04,,
2011-05-06,0.02,,
2011-05-13,0.03,,
2011-05-20,0.05,,
2011-05-27,0.05,,
2011-06-03,0.04,,
2011-06-10,0.05,,
2011-06-17,0.04,,
2011-06-24,0.02,,
2011-07-01,0.02,,
2011-07-08,0.03,,
2011-07-15,0.02,,
2011-07-22,0.05,,
2011-07-29,0.1,,
2011-08-05,0.01,,
2011-08-12,0.02,,
2011-08-19,0.02,,
2011-08-26,0.01,,
2011-09-02,0.02,,
2011-09-09,0.01,,
2011-09-16,0.01,,
2011-09-23,0.01,,
2011-09-30,0.02,,
2011-10-07,0.01,,
2011-10-14,0.02,,
2011-10-21,0.02,,
2011-10-28,0.01,,
2011-11-04,0.01,,
2011-11-11,0.01,,
2011-11-18,0.01,,
2011-11-25,0.02,,
2011-12-02,0.02,,
2011-12-09,0.01,,
2011-12-16,0.001,,
2011-12-23,0.01,,
2011-12-30,0.02,,
2012-01-06,0.02,,
2012-01-13,0.03,,
2012-01-20,0.05,,
2012-01-27,0.06,,
2012-02-03,0.08,,
2012-02-10,0.09,,
2012-02-17,0.09,,
2012-02-24,0.1,,
2012-03-02,0.07,,
2012-03-09,0.09,,
2012-03-16,0.09,,
2012-03-23,0.08,,
2012-03-30,0.07,,
2012-04-06,0.07,,
2012-04-13,0.09,,
2012-04-20,0.08,,
2012-04-27,0.09,,
2012-05-04,0.07,,
2012-05-11,0.1,,
2012-05-18,0.08,,
2012-05-25,0.09,,
2012-06-01,0.07,,
2012-06-08,0.09,,
2012-06-15,0.09,,
2012-06-22,0.09,,
2012-06-29,0.09,,
2012-07-06,0.08,,
2012-07-13,0.1,,
2012-07-20,0.09,,
2012-07-27,0.11,,
2012-08-03,0.09,,
2012-08-10,0.1,,
2012-08-17,0.09,,
2012-08-24,0.1,,
2012-08-31,0.09,,
2012-09-07,0.11,,
2012-09-14,0.11,,
2012-09-21,0.11,,
2012-09-28,0.1,,
2012-10-05,0.11,,
2012-10-12,0.11,,
2012-10-19,0.1,,
2012-10-26,0.12,,
2012-11-02,0.09,,
2012-11-09,0.09,,
2012-11-16,0.06,,
2012-11-23,0.1,,
2012-11-30,0.08,,
2012-12-07,0.09,,
2012-12-14,0.04,,
2012-12-21,0.06,,
2012-12-28,0.01,,
2013-01-04,0.07,,
2013-01-11,0.07,,
2013-01-18,0.08,,
2013-01-25,0.08,,
2013-02-01,0.06,,
2013-02-08,0.07,,
2013-02-15,0.1,,
2013-02-22,0.13,,
2013-03-01,0.11,,
2013-03-08,0.1,,
2013-03-15,0.09,,
2013-03-22,0.07,,
2013-03-29,0.07,,
2013-04-05,0.07,,
2013-04-12,0.06,,
2013-04-19,0.05,,
2013-04-26,0.05,,
2013-05-03,0.05,,
2013-05-10,0.04,,
2013-05-17,0.04,,
2013-05-24,0.04,,
2013-05-31,0.04,,
2013-06-07,0.04,,
2013-06-14,0.05,,
2013-06-21,0.05,,
2013-06-28,0.04,,
2013-07-05,0.04,,
2013-07-12,0.04,,
2013-07-19,0.03,,
2013-07-26,0.03,,
2013-08-02,0.04,,
2013-08-09,0.05,,
2013-08-16,0.05,,
2013-08-23,0.03,,
2013-08-30,0.03,,
2013-09-06,0.02,,
2013-09-13,0.01,,
2013-09-20,0.01,,
2013-09-27,0.02,,
2013-10-04,0.03,,
2013-10-11,0.08,,
2013-10-18,0.04,,
2013-10-25,0.04,,
2013-11-01,0.04,,
2013-11-08,0.06,,
2013-11-15,0.08,,
2013-11-22,0.07,,
2013-11-29,0.06,,
2013-12-06,0.06,,
2013-12-13,0.07,,
2013-12-20,0.07,,
2013-12-27,0.07,,
2014-01-03,0.07,,
2014-01-10,0.05,,
2014-01-17,0.05,,
2014-01-24,0.04,,
2014-01-31,0.02,,
2014-02-07,0.08,,
2014-02-14,0.02,,
2014-02-21,0.05,,
2014-02-28,0.05,,
2014-03-07,0.06,,
2014-03-14,0.05,,
2014-03-21,0.06,,
2014-03-28,0.04,,
2014-04-04,0.03,,
2014-04-11,0.04,,
2014-04-18,0.03,,
2014-04-25,0.03,,
2014-05-02,0.02,,
2014-05-09,0.03,,
2014-05-16,0.03,,
2014-05-23,0.04,,
2014-05-30,0.04,,
2014-06-06,0.04,,
2014-06-13,0.04,,
2014-06-20,0.02,,
2014-06-27,0.03,,
2014-07-04,0.01,,
2014-07-11,0.02,,
2014-07-18,0.02,,
2014-07-25,0.03,,
2014-08-01,0.03,,
2014-08-08,0.03,,
2014-08-15,0.03,,
2014-08-22,0.03,,
2014-08-29,0.03,,
2014-09-05,0.03,,
2014-09-12,0.02,,
2014-09-19,0.02,,
2014-09-26,0.01,,
2014-10-03,0.01,,
2014-10-10,0.01,,
2014-10-17,0.02,,
2014-10-24,0.01,,
2014-10-31,0.01,,
2014-11-07,0.03,,
2014-11-14,0.02,,
2014-11-21,0.01,,
2014-11-28,0.02,,
2014-12-05,0.02,,
2014-12-12,0.02,,
2014-12-19,0.04,,
2014-12-26,0.01,,
2015-01-02,0.02,,
2015-01-09,0.02,,
2015-01-16,0.03,,
2015-01-23,0.02,,
2015-01-30,0.02,,
2015-02-06,0.02,,
2015-02-13,0.01,,
2015-02-20,0.02,,
2015-02-27,0.02,,
2015-03-06,0.01,,
2015-03-13,0.03,,
2015-03-20,0.01,,
2015-03-27,0.04,,
2015-04-03,0.02,,
2015-04-10,0.02,,
2015-04-17,0.01,,
2015-04-24,0.03,,
2015-05-01,0.01,,
2015-05-08,0.01,,
2015-05-15,0.02,,
2015-05-22,0.02,,
2015-05-29,0.01,,
2015-06-05,0.03,,
2015-06-12,0.02,,
2015-06-19,0.01,,
2015-06-26,0.01,,
2015-07-03,0.01,,
2015-07-10,0.01,,
2015-07-17,0.03,,
2015-07-24,0.04,,
2015-07-31,0.08,,
2015-08-07,0.06,,
2015-08-14,0.09,,
2015-08-21,0.03,,
2015-08-28,0.06,,
2015-09-04,0.02,,
2015-09-11,0.04,,
2015-09-18,0.001,,
2015-09-25,0.001,,
2015-10-02,0.001,,
2015-10-09,0.01,,
2015-10-16,0.01,,
2015-10-23,0.01,,
2015-10-30,0.08,,
2015-11-06,0.08,,
2015-11-13,0.14,,
2015-11-20,0.12,,
2015-11-27,0.18,,
2015-12-04,0.23,,
2015-12-11,0.23,,
2015-12-18,0.19,,
2015-12-25,0.2,,
2016-01-01,0.16,,
2016-01-08,0.2,,
2016-01-15,0.24,,
2016-01-22,0.31,,
2016-01-29,0.33,,
2016-02-05,0.3,,
2016-02-12,0.3,,
2016-02-19,0.31,,
2016-02-26,0.33,,
2016-03-04,0.29,,
2016-03-11,0.33,,
2016-03-18,0.3,,
2016-03-25,0.3,,
2016-04-01,0.23,,
2016-04-08,0.23,,
2016-04-15,0.22,,
2016-04-22,0.23,,
2016-04-29,0.22,,
2016-05-06,0.19,,
2016-05-13,0.29,,
2016-05-20,0.33,,
2016-05-27,0.32,,
2016-06-03,0.3,,
2016-06-10,0.26,,
2016-06-17,0.27,,
2016-06-24,0.27,,
2016-07-01,0.28,,
2016-07-08,0.28,,
2016-07-15,0.32,,
2016-07-22,0.33,,
2016-07-29,0.28,,
2016-08-05,0.28,,
2016-08-12,0.29,,
2016-08-19,0.3,,
2016-08-26,0.34,,
2016-09-02,0.33,,
2016-09-09,0.35,,
2016-09-16,0.3,,
2016-09-23,0.18,,
2016-09-30,0.29,,
2016-10-07,0.33,,
2016-10-14,0.32,,
2016-10-21,0.34,,
2016-10-28,0.3,,
2016-11-04,0.38,,
2016-11-11,0.48,,
2016-11-18,0.44,,
2016-11-25,0.49,,
2016-12-02,0.49,,
2016-12-09,0.54,,
2016-12-16,0.51,,
2016-12-23,0.52,,
2016-12-30,0.51,,
2017-01-06,0.53,,
2017-01-13,0.53,,
2017-01-20,0.5,,
2017-01-27,0.52,,
2017-02-03,0.51,,
2017-02-10,0.55,,
2017-02-17,0.53,,
2017-02-24,0.52,,
2017-03-03,0.71,,
2017-03-10,0.75,,
2017-03-17,0.73,,
2017-03-24,0.78,,
2017-03-31,0.76,,
2017-04-07,0.82,,
2017-04-14,0.81,,
2017-04-21,0.79,,
2017-04-28,0.8,,
2017-05-05,0.9,,
2017-05-12,0.88,,
2017-05-19,0.92,,
2017-05-26,0.94,,
2017-06-02,0.98,,
2017-06-09,1.01,,
2017-06-16,1.03,,
2017-06-23,0.97,,
2017-06-30,1.03,,
2017-07-07,1.05,,
2017-07-14,1.04,,
2017-07-21,1.16,,
2017-07-28,1.08,,
2017-08-04,1.08,,
2017-08-11,1.03,,
2017-08-18,1.02,,
2017-08-25,1.03,,
2017-09-01,1.02,,
2017-09-08,1.04,,
2017-09-15,1.05,,
2017-09-22,1.03,,
2017-09-29,1.06,,
2017-10-06,1.07,,
2017-10-13,1.09,,
2017-10-20,1.11,,
2017-10-27,1.1,,
2017-11-03,1.18,,
2017-11-10,1.23,,
2017-11-17,1.29,,
2017-11-24,1.29,,
2017-12-01,1.27,,
2017-12-08,1.28,,
2017-12-15,1.31,,
2017-12-22,1.33,,
2017-12-29,1.39,,
2018-01-05,1.39,,
2018-01-12,1.43,,
2018-01-19,1.44,,
2018-01-26,1.41,,
2018-02-02,1.48,,
2018-02-09,1.55,,
2018-02-16,1.62,,
2018-02-23,1.64,,
2018-03-02,1.65,,
2018-03-09,1.67,,
2018-03-16,1.78,,
2018-03-23,1.74,,
2018-03-30,1.73,,
2018-04-06,1.73,,
2018-04-13,1.76,,
2018-04-20,1.81,,
2018-04-27,1.82,,
2018-05-04,1.84,,
2018-05-11,1.92,,
2018-05-18,1.91,,
2018-05-25,1.9,,
2018-06-01,1.92,,
2018-06-08,1.93,,
2018-06-15,1.94,,
2018-06-22,1.93,,
2018-06-29,1.93,,
2018-07-06,1.97,,
2018-07-13,1.98,,
2018-07-20,1.99,,
2018-07-27,2,,
2018-08-03,2.01,,
2018-08-10,2.05,,
2018-08-17,2.05,,
2018-08-24,2.09,,
2018-08-31,2.11,,
2018-09-07,2.14,,
2018-09-14,2.16,,
2018-09-21,2.18,,
2018-09-28,2.19,,
2018-10-05,2.23,,
2018-10-12,2.28,,
2018-10-19,2.31,,
2018-10-26,2.33,,
2018-11-02,2.33,,
2018-11-09,2.36,,
2018-11-16,2.36,,
2018-11-23,2.41,,
2018-11-30,2.37,,
2018-12-07,2.4,,
2018-12-14,2.42,,
2018-12-21,2.39,,
2018-12-28,2.4,,
2019-01-04,2.42,,
2019-01-11,2.43,,
2019-01-18,2.41,,
2019-01-25,2.39,,
2019-02-01,2.4,,
2019-02-08,2.43,,
2019-02-15,2.43,,
2019-02-22,2.46,,
2019-03-01,2.44,,
2019-03-08,2.46,,
2019-03-15,2.45,,
2019-03-22,2.46,,
2019-03-29,2.4,,
2019-04-05,2.44,,
2019-04-12,2.44,,
2019-04-19,2.42,,
2019-04-26,2.42,,
2019-05-03,2.43,,
2019-05-10,2.43,,
2019-05-17,2.39,,
2019-05-24,2.35,,
2019-05-31,2.35,,
2019-06-07,2.28,,
2019-06-14,2.2,,
2019-06-21,2.11,,
2019-06-28,2.12,,
2019-07-05,2.23,,
2019-07-12,2.14,,
2019-07-19,2.06,,
2019-07-26,2.12,,
2019-08-02,2.06,,
2019-08-09,2,,
2019-08-16,1.87,,
2019-08-23,1.97,,
2019-08-30,1.99,,
2019-09-06,1.96,,
2019-09-13,1.96,,
2019-09-20,1.91,,
2019-09-27,1.8,,
2019-10-04,1.71,,
2019-10-11,1.68,,
2019-10-18,1.66,,
2019-10-25,1.66,,
2019-11-01,1.52,,
2019-11-08,1.55,,
2019-11-15,1.57,,
2019-11-22,1.58,,
2019-11-29,1.59,,
2019-12-06,1.53,,
2019-12-13,1.57,,
2019-12-20,1.58,,
2019-12-27,1.57,,
2020-01-03,1.52,,
2020-01-10,1.54,,
2020-01-17,1.56,,
2020-01-24,1.54,,
2020-01-31,1.55,,
2020-02-07,1.56,,
2020-02-14,1.58,,
2020-02-21,1.56,,
2020-02-28,1.27,,
2020-03-06,0.45,,
2020-03-13,0.28,,
2020-03-20,0.05,,
2020-03-27,0.03,,
2020-04-03,0.1,,
2020-04-10,0.25,,
